[
{
    "model": "cmb.snippet",
    "pk": 1,
    "fields": {
        "created": "2018-03-14T13:47:57.548Z",
        "title": "Lorem ipsum dolor sit amet.",
        "code": "Neque porro quisquam est qui dolorem ipsum quia dolor sit amet, consectetur, adipisci velit...",
        "linenos": false,
        "language": "python",
        "style": "friendly"
    }
},
{
    "model": "cmb.snippet",
    "pk": 2,
    "fields": {
        "created": "2018-03-14T13:48:41.634Z",
        "title": "Duis elementum",
        "code": "Duis elementum sollicitudin dolor et imperdiet. Curabitur at tristique augue, eu convallis erat. Aenean eu mi ligula. Curabitur luctus vehicula massa, ut malesuada risus placerat nec. Maecenas dapibus, lorem id hendrerit dictum, ante quam sollicitudin est, sit amet blandit enim elit eget ipsum. Donec dapibus dui quis blandit viverra. Morbi ut enim sit amet augue porttitor pharetra. Nulla eget leo lacinia, scelerisque arcu ac, posuere mi. Vestibulum ante ipsum primis in faucibus orci luctus et ultrices posuere cubilia Curae; Nullam facilisis, elit id accumsan vulputate, velit magna posuere ante, quis condimentum purus lorem ac nisl. Duis eget consectetur mauris. Maecenas nibh purus, pulvinar",
        "linenos": false,
        "language": "python",
        "style": "friendly"
    }
},
{
    "model": "cmb.serviceclass",
    "pk": 1,
    "fields": {
        "description": "Alfa Prepaid",
        "createdDate": "2018-03-21T09:54:22.572Z",
        "updatedDate": "2018-03-21T09:54:22.572Z",
        "createdBy": "Khal Drogo",
        "updatedBy": "Khal Drogo"
    }
},
{
    "model": "cmb.serviceclass",
    "pk": 2,
    "fields": {
        "description": "Alfa Prepaid",
        "createdDate": "2018-03-21T09:54:22.593Z",
        "updatedDate": "2018-03-21T09:54:22.593Z",
        "createdBy": "Khal Drogo",
        "updatedBy": "Khal Drogo"
    }
},
{
    "model": "cmb.serviceclass",
    "pk": 4,
    "fields": {
        "description": "Alfa Prepaid",
        "createdDate": "2018-03-21T09:54:22.600Z",
        "updatedDate": "2018-03-21T09:54:22.600Z",
        "createdBy": "Khal Drogo",
        "updatedBy": "Khal Drogo"
    }
},
{
    "model": "cmb.serviceclass",
    "pk": 8,
    "fields": {
        "description": "Alfa Prepaid",
        "createdDate": "2018-03-21T09:54:22.602Z",
        "updatedDate": "2018-03-21T09:54:22.602Z",
        "createdBy": "Khal Drogo",
        "updatedBy": "Khal Drogo"
    }
},
{
    "model": "cmb.serviceclass",
    "pk": 10,
    "fields": {
        "description": "Alfa Prepaid",
        "createdDate": "2018-03-21T09:54:22.604Z",
        "updatedDate": "2018-03-21T09:54:22.604Z",
        "createdBy": "Khal Drogo",
        "updatedBy": "Khal Drogo"
    }
},
{
    "model": "cmb.serviceclass",
    "pk": 13,
    "fields": {
        "description": "Alfa Waffer 9",
        "createdDate": "2018-03-21T09:54:22.605Z",
        "updatedDate": "2018-03-21T09:54:22.605Z",
        "createdBy": "Khal Drogo",
        "updatedBy": "Khal Drogo"
    }
},
{
    "model": "cmb.serviceclass",
    "pk": 14,
    "fields": {
        "description": "Alfa Waffer 15",
        "createdDate": "2018-03-21T09:54:22.607Z",
        "updatedDate": "2018-03-21T09:54:22.607Z",
        "createdBy": "Khal Drogo",
        "updatedBy": "Khal Drogo"
    }
},
{
    "model": "cmb.serviceclass",
    "pk": 15,
    "fields": {
        "description": "Alfa Waffer 27",
        "createdDate": "2018-03-21T09:54:22.609Z",
        "updatedDate": "2018-03-21T09:54:22.609Z",
        "createdBy": "Khal Drogo",
        "updatedBy": "Khal Drogo"
    }
},
{
    "model": "cmb.serviceclass",
    "pk": 16,
    "fields": {
        "description": "Alfa Prepaid",
        "createdDate": "2018-03-21T09:54:22.610Z",
        "updatedDate": "2018-03-21T09:54:22.610Z",
        "createdBy": "Khal Drogo",
        "updatedBy": "Khal Drogo"
    }
},
{
    "model": "cmb.serviceclass",
    "pk": 23,
    "fields": {
        "description": "Alfa Waffer 9",
        "createdDate": "2018-03-21T09:54:22.612Z",
        "updatedDate": "2018-03-21T09:54:22.612Z",
        "createdBy": "Khal Drogo",
        "updatedBy": "Khal Drogo"
    }
},
{
    "model": "cmb.serviceclass",
    "pk": 24,
    "fields": {
        "description": "Alfa Waffer 15",
        "createdDate": "2018-03-21T09:54:22.614Z",
        "updatedDate": "2018-03-21T09:54:22.614Z",
        "createdBy": "Khal Drogo",
        "updatedBy": "Khal Drogo"
    }
},
{
    "model": "cmb.serviceclass",
    "pk": 25,
    "fields": {
        "description": "Alfa Waffer 27",
        "createdDate": "2018-03-21T09:54:22.619Z",
        "updatedDate": "2018-03-21T09:54:22.619Z",
        "createdBy": "Khal Drogo",
        "updatedBy": "Khal Drogo"
    }
},
{
    "model": "cmb.serviceclass",
    "pk": 26,
    "fields": {
        "description": "U-Chat 9",
        "createdDate": "2018-03-21T09:54:22.620Z",
        "updatedDate": "2018-03-21T09:54:22.620Z",
        "createdBy": "Khal Drogo",
        "updatedBy": "Khal Drogo"
    }
},
{
    "model": "cmb.serviceclass",
    "pk": 27,
    "fields": {
        "description": "U-Chat 17",
        "createdDate": "2018-03-21T09:54:22.622Z",
        "updatedDate": "2018-03-21T09:54:22.622Z",
        "createdBy": "Khal Drogo",
        "updatedBy": "Khal Drogo"
    }
},
{
    "model": "cmb.serviceclass",
    "pk": 28,
    "fields": {
        "description": "Alfa2Alfa ",
        "createdDate": "2018-03-21T09:54:22.624Z",
        "updatedDate": "2018-03-21T09:54:22.624Z",
        "createdBy": "Khal Drogo",
        "updatedBy": "Khal Drogo"
    }
},
{
    "model": "cmb.serviceclass",
    "pk": 29,
    "fields": {
        "description": "Alfa2Alfa",
        "createdDate": "2018-03-21T09:54:22.625Z",
        "updatedDate": "2018-03-21T09:54:22.625Z",
        "createdBy": "Khal Drogo",
        "updatedBy": "Khal Drogo"
    }
},
{
    "model": "cmb.serviceclass",
    "pk": 41,
    "fields": {
        "description": "Prepaid_El Khat el Askary",
        "createdDate": "2018-03-21T09:54:22.627Z",
        "updatedDate": "2018-03-21T09:54:22.627Z",
        "createdBy": "Khal Drogo",
        "updatedBy": "Khal Drogo"
    }
},
{
    "model": "cmb.serviceclass",
    "pk": 42,
    "fields": {
        "description": "Prepaid_El Khat el Askary",
        "createdDate": "2018-03-21T09:54:22.629Z",
        "updatedDate": "2018-03-21T09:54:22.629Z",
        "createdBy": "Khal Drogo",
        "updatedBy": "Khal Drogo"
    }
},
{
    "model": "cmb.serviceclass",
    "pk": 46,
    "fields": {
        "description": "U-Chat 9",
        "createdDate": "2018-03-21T09:54:22.631Z",
        "updatedDate": "2018-03-21T09:54:22.631Z",
        "createdBy": "Khal Drogo",
        "updatedBy": "Khal Drogo"
    }
},
{
    "model": "cmb.serviceclass",
    "pk": 47,
    "fields": {
        "description": "U-Chat 17",
        "createdDate": "2018-03-21T09:54:22.632Z",
        "updatedDate": "2018-03-21T09:54:22.632Z",
        "createdBy": "Khal Drogo",
        "updatedBy": "Khal Drogo"
    }
},
{
    "model": "cmb.serviceclass",
    "pk": 52,
    "fields": {
        "description": "U-Can",
        "createdDate": "2018-03-21T09:54:22.634Z",
        "updatedDate": "2018-03-21T09:54:22.634Z",
        "createdBy": "Khal Drogo",
        "updatedBy": "Khal Drogo"
    }
},
{
    "model": "cmb.serviceclass",
    "pk": 53,
    "fields": {
        "description": "U-Can",
        "createdDate": "2018-03-21T09:54:22.636Z",
        "updatedDate": "2018-03-21T09:54:22.636Z",
        "createdBy": "Khal Drogo",
        "updatedBy": "Khal Drogo"
    }
},
{
    "model": "cmb.serviceclass",
    "pk": 57,
    "fields": {
        "description": "3$ New Prepaid Plan",
        "createdDate": "2018-03-21T09:54:22.638Z",
        "updatedDate": "2018-03-21T09:54:22.638Z",
        "createdBy": "Khal Drogo",
        "updatedBy": "Khal Drogo"
    }
},
{
    "model": "cmb.serviceclass",
    "pk": 58,
    "fields": {
        "description": "Prepaid Alfa A+",
        "createdDate": "2018-03-21T09:54:22.640Z",
        "updatedDate": "2018-03-21T09:54:22.640Z",
        "createdBy": "Khal Drogo",
        "updatedBy": "Khal Drogo"
    }
},
{
    "model": "cmb.serviceclass",
    "pk": 90,
    "fields": {
        "description": "Alfa Prepaid - Line Recuperation",
        "createdDate": "2018-03-21T09:54:22.641Z",
        "updatedDate": "2018-03-21T09:54:22.641Z",
        "createdBy": "Khal Drogo",
        "updatedBy": "Khal Drogo"
    }
},
{
    "model": "cmb.dedicatedaccount",
    "pk": 3,
    "fields": {
        "product": "Waffer account",
        "type": "NON_FREEBIES",
        "sub_type": "ALL",
        "createdDate": "2018-03-21T06:42:00.487Z",
        "updatedDate": "2018-03-21T06:42:00.487Z",
        "createdBy": "Khal Drogo",
        "updatedBy": "Khal Drogo"
    }
},
{
    "model": "cmb.dedicatedaccount",
    "pk": 26,
    "fields": {
        "product": "U-Chat 9 local calls weekdays",
        "type": "FREEBIES",
        "sub_type": "Calls",
        "createdDate": "2018-03-21T06:42:00.484Z",
        "updatedDate": "2018-03-21T06:42:00.484Z",
        "createdBy": "Khal Drogo",
        "updatedBy": "Khal Drogo"
    }
},
{
    "model": "cmb.dedicatedaccount",
    "pk": 27,
    "fields": {
        "product": "U-Chat 9 local calls weekend",
        "type": "FREEBIES",
        "sub_type": "Calls",
        "createdDate": "2018-03-21T06:42:00.485Z",
        "updatedDate": "2018-03-21T06:42:00.485Z",
        "createdBy": "Khal Drogo",
        "updatedBy": "Khal Drogo"
    }
},
{
    "model": "cmb.dedicatedaccount",
    "pk": 31,
    "fields": {
        "product": "U-Chat 17.5 local calls weekdays",
        "type": "FREEBIES",
        "sub_type": "Calls",
        "createdDate": "2018-03-21T06:42:00.480Z",
        "updatedDate": "2018-03-21T06:42:00.480Z",
        "createdBy": "Khal Drogo",
        "updatedBy": "Khal Drogo"
    }
},
{
    "model": "cmb.dedicatedaccount",
    "pk": 32,
    "fields": {
        "product": "U-Chat 17.5 local calls weekend",
        "type": "FREEBIES",
        "sub_type": "Calls",
        "createdDate": "2018-03-21T06:42:00.482Z",
        "updatedDate": "2018-03-21T06:42:00.482Z",
        "createdBy": "Khal Drogo",
        "updatedBy": "Khal Drogo"
    }
},
{
    "model": "cmb.dedicatedaccount",
    "pk": 37,
    "fields": {
        "product": "Alfa2Alfa Commitment fee",
        "type": "NON_FREEBIES",
        "sub_type": "ALL",
        "createdDate": "2018-03-21T06:42:00.467Z",
        "updatedDate": "2018-03-21T06:42:00.467Z",
        "createdBy": "Khal Drogo",
        "updatedBy": "Khal Drogo"
    }
},
{
    "model": "cmb.dedicatedaccount",
    "pk": 56,
    "fields": {
        "product": "Prepaid Army line ",
        "type": "FREEBIES",
        "sub_type": "Calls",
        "createdDate": "2018-03-21T06:42:00.472Z",
        "updatedDate": "2018-03-21T06:42:00.472Z",
        "createdBy": "Khal Drogo",
        "updatedBy": "Khal Drogo"
    }
},
{
    "model": "cmb.dedicatedaccount",
    "pk": 96,
    "fields": {
        "product": "Prepaid U-Can ",
        "type": "FREEBIES",
        "sub_type": "Calls",
        "createdDate": "2018-03-21T06:42:00.474Z",
        "updatedDate": "2018-03-21T06:42:00.474Z",
        "createdBy": "Khal Drogo",
        "updatedBy": "Khal Drogo"
    }
},
{
    "model": "cmb.dedicatedaccount",
    "pk": 101,
    "fields": {
        "product": "Alfa 4x4",
        "type": "FREEBIES",
        "sub_type": "Calls",
        "createdDate": "2018-03-21T06:42:00.456Z",
        "updatedDate": "2018-03-21T06:42:00.456Z",
        "createdBy": "Khal Drogo",
        "updatedBy": "Khal Drogo"
    }
},
{
    "model": "cmb.dedicatedaccount",
    "pk": 174,
    "fields": {
        "product": "Alfa Booster",
        "type": "FREEBIES",
        "sub_type": "Calls",
        "createdDate": "2018-03-21T06:42:00.463Z",
        "updatedDate": "2018-03-21T06:42:00.463Z",
        "createdBy": "Khal Drogo",
        "updatedBy": "Khal Drogo"
    }
},
{
    "model": "cmb.dedicatedaccount",
    "pk": 179,
    "fields": {
        "product": "3$ New Prepaid Plan ",
        "type": "NON_FREEBIES",
        "sub_type": "ALL",
        "createdDate": "2018-03-21T06:42:00.418Z",
        "updatedDate": "2018-03-21T06:42:00.418Z",
        "createdBy": "Khal Drogo",
        "updatedBy": "Khal Drogo"
    }
},
{
    "model": "cmb.dedicatedaccount",
    "pk": 180,
    "fields": {
        "product": "SoS Credit",
        "type": "FREEBIES",
        "sub_type": "Calls/SMS/Data",
        "createdDate": "2018-03-21T06:42:00.478Z",
        "updatedDate": "2018-03-21T06:42:00.478Z",
        "createdBy": "Khal Drogo",
        "updatedBy": "Khal Drogo"
    }
},
{
    "model": "cmb.dedicatedaccount",
    "pk": 188,
    "fields": {
        "product": "Prepaid Alfa A+",
        "type": "FREEBIES",
        "sub_type": "Calls",
        "createdDate": "2018-03-21T06:42:00.476Z",
        "updatedDate": "2018-03-21T06:42:00.476Z",
        "createdBy": "Khal Drogo",
        "updatedBy": "Khal Drogo"
    }
},
{
    "model": "cmb.dedicatedaccount",
    "pk": 205,
    "fields": {
        "product": "Happy Friday",
        "type": "FREEBIES",
        "sub_type": "Calls",
        "createdDate": "2018-03-21T06:42:00.469Z",
        "updatedDate": "2018-03-21T06:42:00.469Z",
        "createdBy": "Khal Drogo",
        "updatedBy": "Khal Drogo"
    }
},
{
    "model": "cmb.dedicatedaccount",
    "pk": 212,
    "fields": {
        "product": "Alfa 4x4 Gift",
        "type": "FREEBIES",
        "sub_type": "Calls",
        "createdDate": "2018-03-21T06:42:00.460Z",
        "updatedDate": "2018-03-21T06:42:00.460Z",
        "createdBy": "Khal Drogo",
        "updatedBy": "Khal Drogo"
    }
},
{
    "model": "cmb.dedicatedaccount",
    "pk": 215,
    "fields": {
        "product": "Alfa Booster Gift",
        "type": "FREEBIES",
        "sub_type": "Calls",
        "createdDate": "2018-03-21T06:42:00.465Z",
        "updatedDate": "2018-03-21T06:42:00.465Z",
        "createdBy": "Khal Drogo",
        "updatedBy": "Khal Drogo"
    }
},
{
    "model": "cmb.dedicatedaccount",
    "pk": 217,
    "fields": {
        "product": "Happy Friday Gift ",
        "type": "FREEBIES",
        "sub_type": "Calls",
        "createdDate": "2018-03-21T06:42:00.470Z",
        "updatedDate": "2018-03-21T06:42:00.470Z",
        "createdBy": "Khal Drogo",
        "updatedBy": "Khal Drogo"
    }
},
{
    "model": "cmb.prepaidincdr",
    "pk": "CDR2",
    "fields": {
        "serviceClass": 58,
        "accountValueBeforeCall": 199.57,
        "accountValueAfterCall": 199.57,
        "callCharge": 1.0,
        "chargedDuration": 23,
        "callStartTime": "2017-02-04T10:55:44Z",
        "callerNumber": 71006000,
        "calledNumber": 71006001,
        "redirectingNumber": null,
        "GsmCallRefNumber": "E6D2520000",
        "presentationIndicator": 0,
        "createdDate": "2018-03-21T11:04:08.156Z",
        "updatedDate": "2018-03-21T11:04:08.156Z",
        "createdBy": "Khal Drogo",
        "updatedBy": "Khal Drogo"
    }
},
{
    "model": "cmb.prepaidincdr",
    "pk": "CDR4",
    "fields": {
        "serviceClass": 8,
        "accountValueBeforeCall": 2.37,
        "accountValueAfterCall": 2.17,
        "callCharge": 0.2,
        "chargedDuration": 18,
        "callStartTime": "2017-02-03T04:44:43Z",
        "callerNumber": 76550000,
        "calledNumber": 76550003,
        "redirectingNumber": null,
        "GsmCallRefNumber": "42A9600000",
        "presentationIndicator": 0,
        "createdDate": "2018-03-21T11:04:08.170Z",
        "updatedDate": "2018-03-21T11:04:08.170Z",
        "createdBy": "Khal Drogo",
        "updatedBy": "Khal Drogo"
    }
},
{
    "model": "cmb.prepaidincdr",
    "pk": "CDR51",
    "fields": {
        "serviceClass": 24,
        "accountValueBeforeCall": 9.0,
        "accountValueAfterCall": 3.0,
        "callCharge": 6.0,
        "chargedDuration": 16,
        "callStartTime": "2017-03-21T05:40:56Z",
        "callerNumber": 72635781,
        "calledNumber": 74652290,
        "redirectingNumber": null,
        "GsmCallRefNumber": "429E960003",
        "presentationIndicator": 0,
        "createdDate": "2018-03-21T11:04:08.325Z",
        "updatedDate": "2018-03-21T11:04:08.325Z",
        "createdBy": "Khal Drogo",
        "updatedBy": "Khal Drogo"
    }
},
{
    "model": "cmb.prepaidincdr",
    "pk": "CDR67",
    "fields": {
        "serviceClass": 52,
        "accountValueBeforeCall": 8.0,
        "accountValueAfterCall": 3.0,
        "callCharge": 5.0,
        "chargedDuration": 69,
        "callStartTime": "2017-02-10T09:46:44Z",
        "callerNumber": 70858440,
        "calledNumber": 71237697,
        "redirectingNumber": null,
        "GsmCallRefNumber": "429E960004",
        "presentationIndicator": 0,
        "createdDate": "2018-03-21T11:04:08.382Z",
        "updatedDate": "2018-03-21T11:04:08.382Z",
        "createdBy": "Khal Drogo",
        "updatedBy": "Khal Drogo"
    }
},
{
    "model": "cmb.prepaidincdr",
    "pk": "CDR84",
    "fields": {
        "serviceClass": 24,
        "accountValueBeforeCall": 21.0,
        "accountValueAfterCall": 14.0,
        "callCharge": 7.0,
        "chargedDuration": 34,
        "callStartTime": "2017-03-17T11:01:55Z",
        "callerNumber": 71529809,
        "calledNumber": 70807908,
        "redirectingNumber": null,
        "GsmCallRefNumber": "42A9600005",
        "presentationIndicator": 0,
        "createdDate": "2018-03-21T11:04:08.443Z",
        "updatedDate": "2018-03-21T11:04:08.443Z",
        "createdBy": "Khal Drogo",
        "updatedBy": "Khal Drogo"
    }
},
{
    "model": "cmb.prepaidincdr",
    "pk": "CDR90",
    "fields": {
        "serviceClass": 41,
        "accountValueBeforeCall": 2.0,
        "accountValueAfterCall": 1.0,
        "callCharge": 1.0,
        "chargedDuration": 72,
        "callStartTime": "2017-03-17T13:11:38Z",
        "callerNumber": 74235789,
        "calledNumber": 70425799,
        "redirectingNumber": null,
        "GsmCallRefNumber": "42A9600007",
        "presentationIndicator": 0,
        "createdDate": "2018-03-21T11:04:08.460Z",
        "updatedDate": "2018-03-21T11:04:08.460Z",
        "createdBy": "Khal Drogo",
        "updatedBy": "Khal Drogo"
    }
},
{
    "model": "cmb.prepaidincdr",
    "pk": "CDR97",
    "fields": {
        "serviceClass": 58,
        "accountValueBeforeCall": 7.0,
        "accountValueAfterCall": 4.0,
        "callCharge": 3.0,
        "chargedDuration": 50,
        "callStartTime": "2017-02-09T19:34:08Z",
        "callerNumber": 70977464,
        "calledNumber": 71496390,
        "redirectingNumber": null,
        "GsmCallRefNumber": "E6D2520010",
        "presentationIndicator": 0,
        "createdDate": "2018-03-21T11:04:08.476Z",
        "updatedDate": "2018-03-21T11:04:08.476Z",
        "createdBy": "Khal Drogo",
        "updatedBy": "Khal Drogo"
    }
},
{
    "model": "cmb.daincdrmap",
    "pk": 1,
    "fields": {
        "PrepaidInCdr": "CDR4",
        "DedicatedAccount": 32,
        "valueBeforeCall": 100.0,
        "valueAfterCall": 90.0,
        "createdDate": "2018-03-21T11:31:51Z",
        "updatedDate": "2018-03-21T11:31:53Z",
        "createdBy": "Khal Drogo",
        "updatedBy": "Khal Drogo"
    }
},
{
    "model": "cmb.daincdrmap",
    "pk": 2,
    "fields": {
        "PrepaidInCdr": "CDR2",
        "DedicatedAccount": 3,
        "valueBeforeCall": 200.0,
        "valueAfterCall": 190.0,
        "createdDate": "2018-03-21T11:32:13Z",
        "updatedDate": "2018-03-21T11:32:14Z",
        "createdBy": "Khal Drogo",
        "updatedBy": "Khal Drogo"
    }
},
{
    "model": "cmb.daincdrmap",
    "pk": 3,
    "fields": {
        "PrepaidInCdr": "CDR51",
        "DedicatedAccount": 27,
        "valueBeforeCall": 300.0,
        "valueAfterCall": 285.0,
        "createdDate": "2018-03-21T11:32:28Z",
        "updatedDate": "2018-03-21T11:32:30Z",
        "createdBy": "Khal Drogo",
        "updatedBy": "Khal Drogo"
    }
},
{
    "model": "cmb.daincdrmap",
    "pk": 4,
    "fields": {
        "PrepaidInCdr": "CDR2",
        "DedicatedAccount": 32,
        "valueBeforeCall": 300.0,
        "valueAfterCall": 200.0,
        "createdDate": "2018-03-21T11:33:30Z",
        "updatedDate": "2018-03-21T11:33:31Z",
        "createdBy": "Khal Drogo",
        "updatedBy": "Khal Drogo"
    }
},
{
    "model": "cmb.daincdrmap",
    "pk": 5,
    "fields": {
        "PrepaidInCdr": "CDR2",
        "DedicatedAccount": 174,
        "valueBeforeCall": 50.0,
        "valueAfterCall": 30.0,
        "createdDate": "2018-03-21T11:33:50Z",
        "updatedDate": "2018-03-21T11:33:51Z",
        "createdBy": "Khal Drogo",
        "updatedBy": "Khal Drogo"
    }
},
{
    "model": "cmb.beepcdr",
    "pk": 1,
    "fields": {
        "calledNumber": 77442716,
        "callerNumber": 70351816,
        "callStartTime": "2017-02-25T12:24:09Z",
        "createdDate": "2018-03-21T11:49:25.083Z",
        "updatedDate": "2018-03-21T11:49:25.083Z",
        "createdBy": "Khal Drogo",
        "updatedBy": "Khal Drogo"
    }
},
{
    "model": "cmb.beepcdr",
    "pk": 2,
    "fields": {
        "calledNumber": 75515580,
        "callerNumber": 73383156,
        "callStartTime": "2017-03-25T02:38:36Z",
        "createdDate": "2018-03-21T11:49:25.092Z",
        "updatedDate": "2018-03-21T11:49:25.092Z",
        "createdBy": "Khal Drogo",
        "updatedBy": "Khal Drogo"
    }
},
{
    "model": "cmb.beepcdr",
    "pk": 3,
    "fields": {
        "calledNumber": 77353767,
        "callerNumber": 77657050,
        "callStartTime": "2017-04-01T05:03:28Z",
        "createdDate": "2018-03-21T11:49:25.104Z",
        "updatedDate": "2018-03-21T11:49:25.104Z",
        "createdBy": "Khal Drogo",
        "updatedBy": "Khal Drogo"
    }
},
{
    "model": "cmb.beepcdr",
    "pk": 4,
    "fields": {
        "calledNumber": 77725041,
        "callerNumber": 70391814,
        "callStartTime": "2017-02-10T22:51:59Z",
        "createdDate": "2018-03-21T11:49:25.115Z",
        "updatedDate": "2018-03-21T11:49:25.115Z",
        "createdBy": "Khal Drogo",
        "updatedBy": "Khal Drogo"
    }
},
{
    "model": "cmb.beepcdr",
    "pk": 5,
    "fields": {
        "calledNumber": 77521746,
        "callerNumber": 71292862,
        "callStartTime": "2017-03-24T03:44:01Z",
        "createdDate": "2018-03-21T11:49:25.116Z",
        "updatedDate": "2018-03-21T11:49:25.116Z",
        "createdBy": "Khal Drogo",
        "updatedBy": "Khal Drogo"
    }
},
{
    "model": "cmb.beepcdr",
    "pk": 6,
    "fields": {
        "calledNumber": 70809794,
        "callerNumber": 73702873,
        "callStartTime": "2017-03-14T16:35:12Z",
        "createdDate": "2018-03-21T11:49:25.117Z",
        "updatedDate": "2018-03-21T11:49:25.117Z",
        "createdBy": "Khal Drogo",
        "updatedBy": "Khal Drogo"
    }
},
{
    "model": "cmb.beepcdr",
    "pk": 7,
    "fields": {
        "calledNumber": 72924851,
        "callerNumber": 77668729,
        "callStartTime": "2017-02-27T07:53:08Z",
        "createdDate": "2018-03-21T11:49:25.119Z",
        "updatedDate": "2018-03-21T11:49:25.119Z",
        "createdBy": "Khal Drogo",
        "updatedBy": "Khal Drogo"
    }
},
{
    "model": "cmb.beepcdr",
    "pk": 8,
    "fields": {
        "calledNumber": 72493906,
        "callerNumber": 72259063,
        "callStartTime": "2017-03-31T23:33:33Z",
        "createdDate": "2018-03-21T11:49:25.120Z",
        "updatedDate": "2018-03-21T11:49:25.120Z",
        "createdBy": "Khal Drogo",
        "updatedBy": "Khal Drogo"
    }
},
{
    "model": "cmb.beepcdr",
    "pk": 9,
    "fields": {
        "calledNumber": 76653570,
        "callerNumber": 73457432,
        "callStartTime": "2017-03-04T09:54:38Z",
        "createdDate": "2018-03-21T11:49:25.120Z",
        "updatedDate": "2018-03-21T11:49:25.120Z",
        "createdBy": "Khal Drogo",
        "updatedBy": "Khal Drogo"
    }
},
{
    "model": "cmb.beepcdr",
    "pk": 10,
    "fields": {
        "calledNumber": 76977433,
        "callerNumber": 72261727,
        "callStartTime": "2017-03-12T17:26:52Z",
        "createdDate": "2018-03-21T11:49:25.121Z",
        "updatedDate": "2018-03-21T11:49:25.121Z",
        "createdBy": "Khal Drogo",
        "updatedBy": "Khal Drogo"
    }
},
{
    "model": "cmb.beepcdr",
    "pk": 11,
    "fields": {
        "calledNumber": 76495363,
        "callerNumber": 75894074,
        "callStartTime": "2017-02-13T08:06:09Z",
        "createdDate": "2018-03-21T11:49:25.122Z",
        "updatedDate": "2018-03-21T11:49:25.122Z",
        "createdBy": "Khal Drogo",
        "updatedBy": "Khal Drogo"
    }
},
{
    "model": "cmb.beepcdr",
    "pk": 12,
    "fields": {
        "calledNumber": 73255247,
        "callerNumber": 75902285,
        "callStartTime": "2017-03-29T10:55:10Z",
        "createdDate": "2018-03-21T11:49:25.123Z",
        "updatedDate": "2018-03-21T11:49:25.123Z",
        "createdBy": "Khal Drogo",
        "updatedBy": "Khal Drogo"
    }
},
{
    "model": "cmb.beepcdr",
    "pk": 13,
    "fields": {
        "calledNumber": 74740954,
        "callerNumber": 72107356,
        "callStartTime": "2017-02-26T16:01:14Z",
        "createdDate": "2018-03-21T11:49:25.124Z",
        "updatedDate": "2018-03-21T11:49:25.124Z",
        "createdBy": "Khal Drogo",
        "updatedBy": "Khal Drogo"
    }
},
{
    "model": "cmb.beepcdr",
    "pk": 14,
    "fields": {
        "calledNumber": 77872505,
        "callerNumber": 71417865,
        "callStartTime": "2017-03-07T01:07:18Z",
        "createdDate": "2018-03-21T11:49:25.125Z",
        "updatedDate": "2018-03-21T11:49:25.125Z",
        "createdBy": "Khal Drogo",
        "updatedBy": "Khal Drogo"
    }
},
{
    "model": "cmb.beepcdr",
    "pk": 15,
    "fields": {
        "calledNumber": 78472306,
        "callerNumber": 76948362,
        "callStartTime": "2017-02-15T04:09:51Z",
        "createdDate": "2018-03-21T11:49:25.126Z",
        "updatedDate": "2018-03-21T11:49:25.126Z",
        "createdBy": "Khal Drogo",
        "updatedBy": "Khal Drogo"
    }
},
{
    "model": "cmb.beepcdr",
    "pk": 16,
    "fields": {
        "calledNumber": 70866277,
        "callerNumber": 72921716,
        "callStartTime": "2017-02-13T03:10:32Z",
        "createdDate": "2018-03-21T11:49:25.127Z",
        "updatedDate": "2018-03-21T11:49:25.127Z",
        "createdBy": "Khal Drogo",
        "updatedBy": "Khal Drogo"
    }
},
{
    "model": "cmb.beepcdr",
    "pk": 17,
    "fields": {
        "calledNumber": 75493048,
        "callerNumber": 73743524,
        "callStartTime": "2017-03-06T10:20:21Z",
        "createdDate": "2018-03-21T11:49:25.128Z",
        "updatedDate": "2018-03-21T11:49:25.128Z",
        "createdBy": "Khal Drogo",
        "updatedBy": "Khal Drogo"
    }
},
{
    "model": "cmb.beepcdr",
    "pk": 18,
    "fields": {
        "calledNumber": 77197310,
        "callerNumber": 72452475,
        "callStartTime": "2017-02-05T05:11:50Z",
        "createdDate": "2018-03-21T11:49:25.129Z",
        "updatedDate": "2018-03-21T11:49:25.129Z",
        "createdBy": "Khal Drogo",
        "updatedBy": "Khal Drogo"
    }
},
{
    "model": "cmb.beepcdr",
    "pk": 19,
    "fields": {
        "calledNumber": 77626710,
        "callerNumber": 71353440,
        "callStartTime": "2017-03-25T22:08:55Z",
        "createdDate": "2018-03-21T11:49:25.130Z",
        "updatedDate": "2018-03-21T11:49:25.130Z",
        "createdBy": "Khal Drogo",
        "updatedBy": "Khal Drogo"
    }
},
{
    "model": "cmb.beepcdr",
    "pk": 20,
    "fields": {
        "calledNumber": 74747362,
        "callerNumber": 73662178,
        "callStartTime": "2017-03-11T04:24:34Z",
        "createdDate": "2018-03-21T11:49:25.130Z",
        "updatedDate": "2018-03-21T11:49:25.130Z",
        "createdBy": "Khal Drogo",
        "updatedBy": "Khal Drogo"
    }
},
{
    "model": "cmb.beepcdr",
    "pk": 21,
    "fields": {
        "calledNumber": 71605904,
        "callerNumber": 76097025,
        "callStartTime": "2017-03-03T07:14:24Z",
        "createdDate": "2018-03-21T11:49:25.131Z",
        "updatedDate": "2018-03-21T11:49:25.131Z",
        "createdBy": "Khal Drogo",
        "updatedBy": "Khal Drogo"
    }
},
{
    "model": "cmb.beepcdr",
    "pk": 22,
    "fields": {
        "calledNumber": 73213052,
        "callerNumber": 75272471,
        "callStartTime": "2017-02-13T22:38:25Z",
        "createdDate": "2018-03-21T11:49:25.133Z",
        "updatedDate": "2018-03-21T11:49:25.133Z",
        "createdBy": "Khal Drogo",
        "updatedBy": "Khal Drogo"
    }
},
{
    "model": "cmb.beepcdr",
    "pk": 23,
    "fields": {
        "calledNumber": 70812248,
        "callerNumber": 73824227,
        "callStartTime": "2017-03-27T10:25:34Z",
        "createdDate": "2018-03-21T11:49:25.134Z",
        "updatedDate": "2018-03-21T11:49:25.134Z",
        "createdBy": "Khal Drogo",
        "updatedBy": "Khal Drogo"
    }
},
{
    "model": "cmb.beepcdr",
    "pk": 24,
    "fields": {
        "calledNumber": 72305394,
        "callerNumber": 71509602,
        "callStartTime": "2017-03-04T14:26:35Z",
        "createdDate": "2018-03-21T11:49:25.135Z",
        "updatedDate": "2018-03-21T11:49:25.135Z",
        "createdBy": "Khal Drogo",
        "updatedBy": "Khal Drogo"
    }
},
{
    "model": "cmb.beepcdr",
    "pk": 25,
    "fields": {
        "calledNumber": 71887453,
        "callerNumber": 73274311,
        "callStartTime": "2017-02-01T10:46:27Z",
        "createdDate": "2018-03-21T11:49:25.137Z",
        "updatedDate": "2018-03-21T11:49:25.137Z",
        "createdBy": "Khal Drogo",
        "updatedBy": "Khal Drogo"
    }
},
{
    "model": "cmb.beepcdr",
    "pk": 26,
    "fields": {
        "calledNumber": 70115617,
        "callerNumber": 72429318,
        "callStartTime": "2017-03-22T16:07:35Z",
        "createdDate": "2018-03-21T11:49:25.138Z",
        "updatedDate": "2018-03-21T11:49:25.138Z",
        "createdBy": "Khal Drogo",
        "updatedBy": "Khal Drogo"
    }
},
{
    "model": "cmb.beepcdr",
    "pk": 27,
    "fields": {
        "calledNumber": 74220164,
        "callerNumber": 70274557,
        "callStartTime": "2017-02-11T14:04:09Z",
        "createdDate": "2018-03-21T11:49:25.139Z",
        "updatedDate": "2018-03-21T11:49:25.139Z",
        "createdBy": "Khal Drogo",
        "updatedBy": "Khal Drogo"
    }
},
{
    "model": "cmb.beepcdr",
    "pk": 28,
    "fields": {
        "calledNumber": 73548986,
        "callerNumber": 72048203,
        "callStartTime": "2017-03-04T10:59:06Z",
        "createdDate": "2018-03-21T11:49:25.140Z",
        "updatedDate": "2018-03-21T11:49:25.140Z",
        "createdBy": "Khal Drogo",
        "updatedBy": "Khal Drogo"
    }
},
{
    "model": "cmb.beepcdr",
    "pk": 29,
    "fields": {
        "calledNumber": 72769351,
        "callerNumber": 76592428,
        "callStartTime": "2017-03-09T23:40:37Z",
        "createdDate": "2018-03-21T11:49:25.141Z",
        "updatedDate": "2018-03-21T11:49:25.141Z",
        "createdBy": "Khal Drogo",
        "updatedBy": "Khal Drogo"
    }
},
{
    "model": "cmb.beepcdr",
    "pk": 30,
    "fields": {
        "calledNumber": 75524841,
        "callerNumber": 77279037,
        "callStartTime": "2017-03-29T03:44:02Z",
        "createdDate": "2018-03-21T11:49:25.142Z",
        "updatedDate": "2018-03-21T11:49:25.142Z",
        "createdBy": "Khal Drogo",
        "updatedBy": "Khal Drogo"
    }
},
{
    "model": "cmb.beepcdr",
    "pk": 31,
    "fields": {
        "calledNumber": 71869913,
        "callerNumber": 70702843,
        "callStartTime": "2017-03-15T23:01:59Z",
        "createdDate": "2018-03-21T11:49:25.143Z",
        "updatedDate": "2018-03-21T11:49:25.143Z",
        "createdBy": "Khal Drogo",
        "updatedBy": "Khal Drogo"
    }
},
{
    "model": "cmb.beepcdr",
    "pk": 32,
    "fields": {
        "calledNumber": 70808475,
        "callerNumber": 73561504,
        "callStartTime": "2017-02-22T15:52:16Z",
        "createdDate": "2018-03-21T11:49:25.143Z",
        "updatedDate": "2018-03-21T11:49:25.143Z",
        "createdBy": "Khal Drogo",
        "updatedBy": "Khal Drogo"
    }
},
{
    "model": "cmb.beepcdr",
    "pk": 33,
    "fields": {
        "calledNumber": 76624257,
        "callerNumber": 74838635,
        "callStartTime": "2017-02-24T22:59:34Z",
        "createdDate": "2018-03-21T11:49:25.144Z",
        "updatedDate": "2018-03-21T11:49:25.144Z",
        "createdBy": "Khal Drogo",
        "updatedBy": "Khal Drogo"
    }
},
{
    "model": "cmb.beepcdr",
    "pk": 34,
    "fields": {
        "calledNumber": 70391953,
        "callerNumber": 77505029,
        "callStartTime": "2017-02-27T06:49:44Z",
        "createdDate": "2018-03-21T11:49:25.145Z",
        "updatedDate": "2018-03-21T11:49:25.145Z",
        "createdBy": "Khal Drogo",
        "updatedBy": "Khal Drogo"
    }
},
{
    "model": "cmb.beepcdr",
    "pk": 35,
    "fields": {
        "calledNumber": 74745017,
        "callerNumber": 70530822,
        "callStartTime": "2017-02-15T05:46:01Z",
        "createdDate": "2018-03-21T11:49:25.146Z",
        "updatedDate": "2018-03-21T11:49:25.146Z",
        "createdBy": "Khal Drogo",
        "updatedBy": "Khal Drogo"
    }
},
{
    "model": "cmb.beepcdr",
    "pk": 36,
    "fields": {
        "calledNumber": 77811066,
        "callerNumber": 76559644,
        "callStartTime": "2017-03-09T17:24:13Z",
        "createdDate": "2018-03-21T11:49:25.147Z",
        "updatedDate": "2018-03-21T11:49:25.147Z",
        "createdBy": "Khal Drogo",
        "updatedBy": "Khal Drogo"
    }
},
{
    "model": "cmb.beepcdr",
    "pk": 37,
    "fields": {
        "calledNumber": 77073188,
        "callerNumber": 76145523,
        "callStartTime": "2017-02-26T08:19:11Z",
        "createdDate": "2018-03-21T11:49:25.148Z",
        "updatedDate": "2018-03-21T11:49:25.148Z",
        "createdBy": "Khal Drogo",
        "updatedBy": "Khal Drogo"
    }
},
{
    "model": "cmb.beepcdr",
    "pk": 38,
    "fields": {
        "calledNumber": 78106539,
        "callerNumber": 74707346,
        "callStartTime": "2017-02-03T06:57:08Z",
        "createdDate": "2018-03-21T11:49:25.149Z",
        "updatedDate": "2018-03-21T11:49:25.149Z",
        "createdBy": "Khal Drogo",
        "updatedBy": "Khal Drogo"
    }
},
{
    "model": "cmb.beepcdr",
    "pk": 39,
    "fields": {
        "calledNumber": 74089514,
        "callerNumber": 76311188,
        "callStartTime": "2017-02-19T03:34:03Z",
        "createdDate": "2018-03-21T11:49:25.150Z",
        "updatedDate": "2018-03-21T11:49:25.150Z",
        "createdBy": "Khal Drogo",
        "updatedBy": "Khal Drogo"
    }
},
{
    "model": "cmb.beepcdr",
    "pk": 40,
    "fields": {
        "calledNumber": 74807822,
        "callerNumber": 76203361,
        "callStartTime": "2017-02-19T21:42:33Z",
        "createdDate": "2018-03-21T11:49:25.151Z",
        "updatedDate": "2018-03-21T11:49:25.151Z",
        "createdBy": "Khal Drogo",
        "updatedBy": "Khal Drogo"
    }
},
{
    "model": "cmb.beepcdr",
    "pk": 41,
    "fields": {
        "calledNumber": 75816304,
        "callerNumber": 71599960,
        "callStartTime": "2017-03-03T03:17:14Z",
        "createdDate": "2018-03-21T11:49:25.152Z",
        "updatedDate": "2018-03-21T11:49:25.152Z",
        "createdBy": "Khal Drogo",
        "updatedBy": "Khal Drogo"
    }
},
{
    "model": "cmb.beepcdr",
    "pk": 42,
    "fields": {
        "calledNumber": 70585659,
        "callerNumber": 73906827,
        "callStartTime": "2017-02-14T17:43:24Z",
        "createdDate": "2018-03-21T11:49:25.152Z",
        "updatedDate": "2018-03-21T11:49:25.152Z",
        "createdBy": "Khal Drogo",
        "updatedBy": "Khal Drogo"
    }
},
{
    "model": "cmb.beepcdr",
    "pk": 43,
    "fields": {
        "calledNumber": 72639123,
        "callerNumber": 70958325,
        "callStartTime": "2017-03-02T22:09:12Z",
        "createdDate": "2018-03-21T11:49:25.153Z",
        "updatedDate": "2018-03-21T11:49:25.153Z",
        "createdBy": "Khal Drogo",
        "updatedBy": "Khal Drogo"
    }
},
{
    "model": "cmb.beepcdr",
    "pk": 44,
    "fields": {
        "calledNumber": 71219208,
        "callerNumber": 75819595,
        "callStartTime": "2017-03-03T10:32:14Z",
        "createdDate": "2018-03-21T11:49:25.154Z",
        "updatedDate": "2018-03-21T11:49:25.154Z",
        "createdBy": "Khal Drogo",
        "updatedBy": "Khal Drogo"
    }
},
{
    "model": "cmb.beepcdr",
    "pk": 45,
    "fields": {
        "calledNumber": 72635781,
        "callerNumber": 74652290,
        "callStartTime": "2017-03-21T06:29:59Z",
        "createdDate": "2018-03-21T11:49:25.155Z",
        "updatedDate": "2018-03-21T11:49:25.155Z",
        "createdBy": "Khal Drogo",
        "updatedBy": "Khal Drogo"
    }
},
{
    "model": "cmb.beepcdr",
    "pk": 46,
    "fields": {
        "calledNumber": 75874938,
        "callerNumber": 75670872,
        "callStartTime": "2017-03-25T01:24:25Z",
        "createdDate": "2018-03-21T11:49:25.156Z",
        "updatedDate": "2018-03-21T11:49:25.156Z",
        "createdBy": "Khal Drogo",
        "updatedBy": "Khal Drogo"
    }
},
{
    "model": "cmb.beepcdr",
    "pk": 47,
    "fields": {
        "calledNumber": 75942572,
        "callerNumber": 71859890,
        "callStartTime": "2017-03-10T14:55:21Z",
        "createdDate": "2018-03-21T11:49:25.156Z",
        "updatedDate": "2018-03-21T11:49:25.156Z",
        "createdBy": "Khal Drogo",
        "updatedBy": "Khal Drogo"
    }
},
{
    "model": "cmb.beepcdr",
    "pk": 48,
    "fields": {
        "calledNumber": 71147639,
        "callerNumber": 75869592,
        "callStartTime": "2017-02-07T17:39:10Z",
        "createdDate": "2018-03-21T11:49:25.157Z",
        "updatedDate": "2018-03-21T11:49:25.157Z",
        "createdBy": "Khal Drogo",
        "updatedBy": "Khal Drogo"
    }
},
{
    "model": "cmb.beepcdr",
    "pk": 49,
    "fields": {
        "calledNumber": 75522992,
        "callerNumber": 75698176,
        "callStartTime": "2017-03-18T01:48:02Z",
        "createdDate": "2018-03-21T11:49:25.158Z",
        "updatedDate": "2018-03-21T11:49:25.158Z",
        "createdBy": "Khal Drogo",
        "updatedBy": "Khal Drogo"
    }
},
{
    "model": "cmb.beepcdr",
    "pk": 50,
    "fields": {
        "calledNumber": 71625297,
        "callerNumber": 72910999,
        "callStartTime": "2017-02-16T23:40:14Z",
        "createdDate": "2018-03-21T11:49:25.159Z",
        "updatedDate": "2018-03-21T11:49:25.159Z",
        "createdBy": "Khal Drogo",
        "updatedBy": "Khal Drogo"
    }
},
{
    "model": "cmb.beepcdr",
    "pk": 51,
    "fields": {
        "calledNumber": 75305546,
        "callerNumber": 71970869,
        "callStartTime": "2017-02-15T13:31:27Z",
        "createdDate": "2018-03-21T11:49:25.160Z",
        "updatedDate": "2018-03-21T11:49:25.160Z",
        "createdBy": "Khal Drogo",
        "updatedBy": "Khal Drogo"
    }
},
{
    "model": "cmb.beepcdr",
    "pk": 52,
    "fields": {
        "calledNumber": 71099531,
        "callerNumber": 75639498,
        "callStartTime": "2017-02-21T08:14:45Z",
        "createdDate": "2018-03-21T11:49:25.161Z",
        "updatedDate": "2018-03-21T11:49:25.161Z",
        "createdBy": "Khal Drogo",
        "updatedBy": "Khal Drogo"
    }
},
{
    "model": "cmb.beepcdr",
    "pk": 53,
    "fields": {
        "calledNumber": 75350737,
        "callerNumber": 71711430,
        "callStartTime": "2017-03-30T20:28:34Z",
        "createdDate": "2018-03-21T11:49:25.161Z",
        "updatedDate": "2018-03-21T11:49:25.161Z",
        "createdBy": "Khal Drogo",
        "updatedBy": "Khal Drogo"
    }
},
{
    "model": "cmb.beepcdr",
    "pk": 54,
    "fields": {
        "calledNumber": 70602872,
        "callerNumber": 74575162,
        "callStartTime": "2017-02-22T02:32:14Z",
        "createdDate": "2018-03-21T11:49:25.162Z",
        "updatedDate": "2018-03-21T11:49:25.162Z",
        "createdBy": "Khal Drogo",
        "updatedBy": "Khal Drogo"
    }
},
{
    "model": "cmb.beepcdr",
    "pk": 55,
    "fields": {
        "calledNumber": 71444175,
        "callerNumber": 70987807,
        "callStartTime": "2017-02-18T06:33:37Z",
        "createdDate": "2018-03-21T11:49:25.163Z",
        "updatedDate": "2018-03-21T11:49:25.163Z",
        "createdBy": "Khal Drogo",
        "updatedBy": "Khal Drogo"
    }
},
{
    "model": "cmb.beepcdr",
    "pk": 56,
    "fields": {
        "calledNumber": 70544450,
        "callerNumber": 71271134,
        "callStartTime": "2017-03-12T20:22:22Z",
        "createdDate": "2018-03-21T11:49:25.164Z",
        "updatedDate": "2018-03-21T11:49:25.164Z",
        "createdBy": "Khal Drogo",
        "updatedBy": "Khal Drogo"
    }
},
{
    "model": "cmb.beepcdr",
    "pk": 57,
    "fields": {
        "calledNumber": 73494785,
        "callerNumber": 73389472,
        "callStartTime": "2017-02-11T00:24:17Z",
        "createdDate": "2018-03-21T11:49:25.165Z",
        "updatedDate": "2018-03-21T11:49:25.165Z",
        "createdBy": "Khal Drogo",
        "updatedBy": "Khal Drogo"
    }
},
{
    "model": "cmb.beepcdr",
    "pk": 58,
    "fields": {
        "calledNumber": 71350049,
        "callerNumber": 71728418,
        "callStartTime": "2017-02-17T05:42:19Z",
        "createdDate": "2018-03-21T11:49:25.166Z",
        "updatedDate": "2018-03-21T11:49:25.166Z",
        "createdBy": "Khal Drogo",
        "updatedBy": "Khal Drogo"
    }
},
{
    "model": "cmb.beepcdr",
    "pk": 59,
    "fields": {
        "calledNumber": 75478696,
        "callerNumber": 73108208,
        "callStartTime": "2017-03-12T11:06:12Z",
        "createdDate": "2018-03-21T11:49:25.166Z",
        "updatedDate": "2018-03-21T11:49:25.166Z",
        "createdBy": "Khal Drogo",
        "updatedBy": "Khal Drogo"
    }
},
{
    "model": "cmb.beepcdr",
    "pk": 60,
    "fields": {
        "calledNumber": 70858440,
        "callerNumber": 71237697,
        "callStartTime": "2017-02-10T10:32:03Z",
        "createdDate": "2018-03-21T11:49:25.167Z",
        "updatedDate": "2018-03-21T11:49:25.167Z",
        "createdBy": "Khal Drogo",
        "updatedBy": "Khal Drogo"
    }
},
{
    "model": "cmb.beepcdr",
    "pk": 61,
    "fields": {
        "calledNumber": 75680308,
        "callerNumber": 74464126,
        "callStartTime": "2017-02-14T03:35:02Z",
        "createdDate": "2018-03-21T11:49:25.168Z",
        "updatedDate": "2018-03-21T11:49:25.168Z",
        "createdBy": "Khal Drogo",
        "updatedBy": "Khal Drogo"
    }
},
{
    "model": "cmb.beepcdr",
    "pk": 62,
    "fields": {
        "calledNumber": 70938891,
        "callerNumber": 74333757,
        "callStartTime": "2017-03-06T15:40:54Z",
        "createdDate": "2018-03-21T11:49:25.169Z",
        "updatedDate": "2018-03-21T11:49:25.169Z",
        "createdBy": "Khal Drogo",
        "updatedBy": "Khal Drogo"
    }
},
{
    "model": "cmb.beepcdr",
    "pk": 63,
    "fields": {
        "calledNumber": 71589981,
        "callerNumber": 73951460,
        "callStartTime": "2017-03-31T20:32:53Z",
        "createdDate": "2018-03-21T11:49:25.169Z",
        "updatedDate": "2018-03-21T11:49:25.169Z",
        "createdBy": "Khal Drogo",
        "updatedBy": "Khal Drogo"
    }
},
{
    "model": "cmb.beepcdr",
    "pk": 64,
    "fields": {
        "calledNumber": 74736068,
        "callerNumber": 70241898,
        "callStartTime": "2017-02-21T00:10:39Z",
        "createdDate": "2018-03-21T11:49:25.170Z",
        "updatedDate": "2018-03-21T11:49:25.170Z",
        "createdBy": "Khal Drogo",
        "updatedBy": "Khal Drogo"
    }
},
{
    "model": "cmb.beepcdr",
    "pk": 65,
    "fields": {
        "calledNumber": 70359239,
        "callerNumber": 71006000,
        "callStartTime": "2017-02-14T08:26:17Z",
        "createdDate": "2018-03-21T11:49:25.171Z",
        "updatedDate": "2018-03-21T11:49:25.171Z",
        "createdBy": "Khal Drogo",
        "updatedBy": "Khal Drogo"
    }
},
{
    "model": "cmb.beepcdr",
    "pk": 66,
    "fields": {
        "calledNumber": 71151683,
        "callerNumber": 70400000,
        "callStartTime": "2017-02-16T13:07:31Z",
        "createdDate": "2018-03-21T11:49:25.172Z",
        "updatedDate": "2018-03-21T11:49:25.172Z",
        "createdBy": "Khal Drogo",
        "updatedBy": "Khal Drogo"
    }
},
{
    "model": "cmb.beepcdr",
    "pk": 67,
    "fields": {
        "calledNumber": 70026195,
        "callerNumber": 76550000,
        "callStartTime": "2017-03-07T12:52:09Z",
        "createdDate": "2018-03-21T11:49:25.173Z",
        "updatedDate": "2018-03-21T11:49:25.173Z",
        "createdBy": "Khal Drogo",
        "updatedBy": "Khal Drogo"
    }
},
{
    "model": "cmb.beepcdr",
    "pk": 68,
    "fields": {
        "calledNumber": 72637985,
        "callerNumber": 72941258,
        "callStartTime": "2017-02-05T13:30:21Z",
        "createdDate": "2018-03-21T11:49:25.174Z",
        "updatedDate": "2018-03-21T11:49:25.174Z",
        "createdBy": "Khal Drogo",
        "updatedBy": "Khal Drogo"
    }
},
{
    "model": "cmb.beepcdr",
    "pk": 69,
    "fields": {
        "calledNumber": 75195836,
        "callerNumber": 72221874,
        "callStartTime": "2017-03-27T02:08:34Z",
        "createdDate": "2018-03-21T11:49:25.175Z",
        "updatedDate": "2018-03-21T11:49:25.175Z",
        "createdBy": "Khal Drogo",
        "updatedBy": "Khal Drogo"
    }
},
{
    "model": "cmb.beepcdr",
    "pk": 70,
    "fields": {
        "calledNumber": 70488834,
        "callerNumber": 70965011,
        "callStartTime": "2017-02-27T14:41:35Z",
        "createdDate": "2018-03-21T11:49:25.175Z",
        "updatedDate": "2018-03-21T11:49:25.175Z",
        "createdBy": "Khal Drogo",
        "updatedBy": "Khal Drogo"
    }
},
{
    "model": "cmb.beepcdr",
    "pk": 71,
    "fields": {
        "calledNumber": 75514331,
        "callerNumber": 75962310,
        "callStartTime": "2017-02-26T08:56:37Z",
        "createdDate": "2018-03-21T11:49:25.176Z",
        "updatedDate": "2018-03-21T11:49:25.176Z",
        "createdBy": "Khal Drogo",
        "updatedBy": "Khal Drogo"
    }
},
{
    "model": "cmb.beepcdr",
    "pk": 72,
    "fields": {
        "calledNumber": 70163362,
        "callerNumber": 70275663,
        "callStartTime": "2017-02-15T18:03:06Z",
        "createdDate": "2018-03-21T11:49:25.177Z",
        "updatedDate": "2018-03-21T11:49:25.177Z",
        "createdBy": "Khal Drogo",
        "updatedBy": "Khal Drogo"
    }
},
{
    "model": "cmb.beepcdr",
    "pk": 73,
    "fields": {
        "calledNumber": 71297901,
        "callerNumber": 70629440,
        "callStartTime": "2017-03-26T09:33:30Z",
        "createdDate": "2018-03-21T11:49:25.178Z",
        "updatedDate": "2018-03-21T11:49:25.178Z",
        "createdBy": "Khal Drogo",
        "updatedBy": "Khal Drogo"
    }
},
{
    "model": "cmb.beepcdr",
    "pk": 74,
    "fields": {
        "calledNumber": 75175777,
        "callerNumber": 75683218,
        "callStartTime": "2017-02-02T09:31:15Z",
        "createdDate": "2018-03-21T11:49:25.179Z",
        "updatedDate": "2018-03-21T11:49:25.179Z",
        "createdBy": "Khal Drogo",
        "updatedBy": "Khal Drogo"
    }
},
{
    "model": "cmb.beepcdr",
    "pk": 75,
    "fields": {
        "calledNumber": 71298125,
        "callerNumber": 74381633,
        "callStartTime": "2017-03-21T07:33:44Z",
        "createdDate": "2018-03-21T11:49:25.180Z",
        "updatedDate": "2018-03-21T11:49:25.180Z",
        "createdBy": "Khal Drogo",
        "updatedBy": "Khal Drogo"
    }
},
{
    "model": "cmb.beepcdr",
    "pk": 76,
    "fields": {
        "calledNumber": 71529809,
        "callerNumber": 70807908,
        "callStartTime": "2017-03-17T11:51:47Z",
        "createdDate": "2018-03-21T11:49:25.180Z",
        "updatedDate": "2018-03-21T11:49:25.180Z",
        "createdBy": "Khal Drogo",
        "updatedBy": "Khal Drogo"
    }
},
{
    "model": "cmb.beepcdr",
    "pk": 77,
    "fields": {
        "calledNumber": 70683509,
        "callerNumber": 70640905,
        "callStartTime": "2017-02-13T01:58:12Z",
        "createdDate": "2018-03-21T11:49:25.181Z",
        "updatedDate": "2018-03-21T11:49:25.181Z",
        "createdBy": "Khal Drogo",
        "updatedBy": "Khal Drogo"
    }
},
{
    "model": "cmb.beepcdr",
    "pk": 78,
    "fields": {
        "calledNumber": 72599935,
        "callerNumber": 70533486,
        "callStartTime": "2017-03-12T14:58:30Z",
        "createdDate": "2018-03-21T11:49:25.182Z",
        "updatedDate": "2018-03-21T11:49:25.182Z",
        "createdBy": "Khal Drogo",
        "updatedBy": "Khal Drogo"
    }
},
{
    "model": "cmb.beepcdr",
    "pk": 79,
    "fields": {
        "calledNumber": 73043544,
        "callerNumber": 75215380,
        "callStartTime": "2017-03-31T19:58:18Z",
        "createdDate": "2018-03-21T11:49:25.183Z",
        "updatedDate": "2018-03-21T11:49:25.183Z",
        "createdBy": "Khal Drogo",
        "updatedBy": "Khal Drogo"
    }
},
{
    "model": "cmb.beepcdr",
    "pk": 80,
    "fields": {
        "calledNumber": 72909395,
        "callerNumber": 72804992,
        "callStartTime": "2017-03-20T21:35:10Z",
        "createdDate": "2018-03-21T11:49:25.184Z",
        "updatedDate": "2018-03-21T11:49:25.184Z",
        "createdBy": "Khal Drogo",
        "updatedBy": "Khal Drogo"
    }
},
{
    "model": "cmb.beepcdr",
    "pk": 81,
    "fields": {
        "calledNumber": 74235789,
        "callerNumber": 70425799,
        "callStartTime": "2017-03-17T13:21:09Z",
        "createdDate": "2018-03-21T11:49:25.185Z",
        "updatedDate": "2018-03-21T11:49:25.185Z",
        "createdBy": "Khal Drogo",
        "updatedBy": "Khal Drogo"
    }
},
{
    "model": "cmb.beepcdr",
    "pk": 82,
    "fields": {
        "calledNumber": 74380039,
        "callerNumber": 73545355,
        "callStartTime": "2017-03-01T14:50:46Z",
        "createdDate": "2018-03-21T11:49:25.185Z",
        "updatedDate": "2018-03-21T11:49:25.185Z",
        "createdBy": "Khal Drogo",
        "updatedBy": "Khal Drogo"
    }
},
{
    "model": "cmb.beepcdr",
    "pk": 83,
    "fields": {
        "calledNumber": 71920849,
        "callerNumber": 74912585,
        "callStartTime": "2017-02-12T05:08:23Z",
        "createdDate": "2018-03-21T11:49:25.186Z",
        "updatedDate": "2018-03-21T11:49:25.186Z",
        "createdBy": "Khal Drogo",
        "updatedBy": "Khal Drogo"
    }
},
{
    "model": "cmb.beepcdr",
    "pk": 84,
    "fields": {
        "calledNumber": 73043847,
        "callerNumber": 70748146,
        "callStartTime": "2017-02-24T04:47:58Z",
        "createdDate": "2018-03-21T11:49:25.187Z",
        "updatedDate": "2018-03-21T11:49:25.187Z",
        "createdBy": "Khal Drogo",
        "updatedBy": "Khal Drogo"
    }
},
{
    "model": "cmb.beepcdr",
    "pk": 85,
    "fields": {
        "calledNumber": 75629784,
        "callerNumber": 72708647,
        "callStartTime": "2017-02-21T18:17:55Z",
        "createdDate": "2018-03-21T11:49:25.188Z",
        "updatedDate": "2018-03-21T11:49:25.188Z",
        "createdBy": "Khal Drogo",
        "updatedBy": "Khal Drogo"
    }
},
{
    "model": "cmb.beepcdr",
    "pk": 86,
    "fields": {
        "calledNumber": 71206921,
        "callerNumber": 72305975,
        "callStartTime": "2017-02-15T14:08:16Z",
        "createdDate": "2018-03-21T11:49:25.189Z",
        "updatedDate": "2018-03-21T11:49:25.189Z",
        "createdBy": "Khal Drogo",
        "updatedBy": "Khal Drogo"
    }
},
{
    "model": "cmb.beepcdr",
    "pk": 87,
    "fields": {
        "calledNumber": 70977464,
        "callerNumber": 71496390,
        "callStartTime": "2017-02-09T20:09:02Z",
        "createdDate": "2018-03-21T11:49:25.190Z",
        "updatedDate": "2018-03-21T11:49:25.190Z",
        "createdBy": "Khal Drogo",
        "updatedBy": "Khal Drogo"
    }
},
{
    "model": "cmb.beepcdr",
    "pk": 88,
    "fields": {
        "calledNumber": 70235534,
        "callerNumber": 74000538,
        "callStartTime": "2017-03-23T01:41:26Z",
        "createdDate": "2018-03-21T11:49:25.190Z",
        "updatedDate": "2018-03-21T11:49:25.190Z",
        "createdBy": "Khal Drogo",
        "updatedBy": "Khal Drogo"
    }
},
{
    "model": "cmb.beepcdr",
    "pk": 89,
    "fields": {
        "calledNumber": 76764763,
        "callerNumber": 76884145,
        "callStartTime": "2017-03-27T02:41:06Z",
        "createdDate": "2018-03-21T11:49:25.191Z",
        "updatedDate": "2018-03-21T11:49:25.191Z",
        "createdBy": "Khal Drogo",
        "updatedBy": "Khal Drogo"
    }
},
{
    "model": "cmb.beepcdr",
    "pk": 90,
    "fields": {
        "calledNumber": 72257941,
        "callerNumber": 71496993,
        "callStartTime": "2017-02-21T09:56:44Z",
        "createdDate": "2018-03-21T11:49:25.192Z",
        "updatedDate": "2018-03-21T11:49:25.192Z",
        "createdBy": "Khal Drogo",
        "updatedBy": "Khal Drogo"
    }
},
{
    "model": "cmb.beepcdr",
    "pk": 91,
    "fields": {
        "calledNumber": 76319306,
        "callerNumber": 71432344,
        "callStartTime": "2017-02-19T22:19:29Z",
        "createdDate": "2018-03-21T11:49:25.193Z",
        "updatedDate": "2018-03-21T11:49:25.193Z",
        "createdBy": "Khal Drogo",
        "updatedBy": "Khal Drogo"
    }
},
{
    "model": "cmb.beepcdr",
    "pk": 92,
    "fields": {
        "calledNumber": 73448475,
        "callerNumber": 75295318,
        "callStartTime": "2017-02-06T22:12:17Z",
        "createdDate": "2018-03-21T11:49:25.194Z",
        "updatedDate": "2018-03-21T11:49:25.194Z",
        "createdBy": "Khal Drogo",
        "updatedBy": "Khal Drogo"
    }
},
{
    "model": "cmb.beepcdr",
    "pk": 93,
    "fields": {
        "calledNumber": 72521619,
        "callerNumber": 77853664,
        "callStartTime": "2017-02-26T15:25:29Z",
        "createdDate": "2018-03-21T11:49:25.194Z",
        "updatedDate": "2018-03-21T11:49:25.194Z",
        "createdBy": "Khal Drogo",
        "updatedBy": "Khal Drogo"
    }
},
{
    "model": "cmb.beepcdr",
    "pk": 94,
    "fields": {
        "calledNumber": 72405112,
        "callerNumber": 76864202,
        "callStartTime": "2017-02-21T06:05:22Z",
        "createdDate": "2018-03-21T11:49:25.195Z",
        "updatedDate": "2018-03-21T11:49:25.195Z",
        "createdBy": "Khal Drogo",
        "updatedBy": "Khal Drogo"
    }
},
{
    "model": "cmb.beepcdr",
    "pk": 95,
    "fields": {
        "calledNumber": 77917598,
        "callerNumber": 74776676,
        "callStartTime": "2017-03-08T01:54:11Z",
        "createdDate": "2018-03-21T11:49:25.196Z",
        "updatedDate": "2018-03-21T11:49:25.196Z",
        "createdBy": "Khal Drogo",
        "updatedBy": "Khal Drogo"
    }
},
{
    "model": "cmb.beepcdr",
    "pk": 96,
    "fields": {
        "calledNumber": 76748712,
        "callerNumber": 76282702,
        "callStartTime": "2017-02-12T21:08:25Z",
        "createdDate": "2018-03-21T11:49:25.197Z",
        "updatedDate": "2018-03-21T11:49:25.197Z",
        "createdBy": "Khal Drogo",
        "updatedBy": "Khal Drogo"
    }
},
{
    "model": "cmb.beepcdr",
    "pk": 97,
    "fields": {
        "calledNumber": 78244413,
        "callerNumber": 73755673,
        "callStartTime": "2017-03-26T12:02:04Z",
        "createdDate": "2018-03-21T11:49:25.198Z",
        "updatedDate": "2018-03-21T11:49:25.198Z",
        "createdBy": "Khal Drogo",
        "updatedBy": "Khal Drogo"
    }
},
{
    "model": "cmb.beepcdr",
    "pk": 98,
    "fields": {
        "calledNumber": 73740140,
        "callerNumber": 72908484,
        "callStartTime": "2017-02-11T19:39:20Z",
        "createdDate": "2018-03-21T11:49:25.198Z",
        "updatedDate": "2018-03-21T11:49:25.198Z",
        "createdBy": "Khal Drogo",
        "updatedBy": "Khal Drogo"
    }
},
{
    "model": "cmb.beepcdr",
    "pk": 99,
    "fields": {
        "calledNumber": 77108371,
        "callerNumber": 71623426,
        "callStartTime": "2017-02-16T14:51:26Z",
        "createdDate": "2018-03-21T11:49:25.199Z",
        "updatedDate": "2018-03-21T11:49:25.199Z",
        "createdBy": "Khal Drogo",
        "updatedBy": "Khal Drogo"
    }
},
{
    "model": "cmb.beepcdr",
    "pk": 100,
    "fields": {
        "calledNumber": 72118621,
        "callerNumber": 74408115,
        "callStartTime": "2017-03-15T12:26:42Z",
        "createdDate": "2018-03-21T11:49:25.200Z",
        "updatedDate": "2018-03-21T11:49:25.200Z",
        "createdBy": "Khal Drogo",
        "updatedBy": "Khal Drogo"
    }
},
{
    "model": "cmb.beepcdr",
    "pk": 101,
    "fields": {
        "calledNumber": 70344601,
        "callerNumber": 76033665,
        "callStartTime": "2017-02-10T16:26:13Z",
        "createdDate": "2018-03-21T11:49:25.201Z",
        "updatedDate": "2018-03-21T11:49:25.201Z",
        "createdBy": "Khal Drogo",
        "updatedBy": "Khal Drogo"
    }
},
{
    "model": "cmb.beepcdr",
    "pk": 102,
    "fields": {
        "calledNumber": 73930717,
        "callerNumber": 78061956,
        "callStartTime": "2017-03-13T03:45:38Z",
        "createdDate": "2018-03-21T11:49:25.202Z",
        "updatedDate": "2018-03-21T11:49:25.202Z",
        "createdBy": "Khal Drogo",
        "updatedBy": "Khal Drogo"
    }
},
{
    "model": "cmb.beepcdr",
    "pk": 103,
    "fields": {
        "calledNumber": 73719797,
        "callerNumber": 72485359,
        "callStartTime": "2017-02-11T12:35:52Z",
        "createdDate": "2018-03-21T11:49:25.202Z",
        "updatedDate": "2018-03-21T11:49:25.202Z",
        "createdBy": "Khal Drogo",
        "updatedBy": "Khal Drogo"
    }
},
{
    "model": "cmb.beepcdr",
    "pk": 104,
    "fields": {
        "calledNumber": 77739431,
        "callerNumber": 77654052,
        "callStartTime": "2017-03-27T01:52:48Z",
        "createdDate": "2018-03-21T11:49:25.203Z",
        "updatedDate": "2018-03-21T11:49:25.203Z",
        "createdBy": "Khal Drogo",
        "updatedBy": "Khal Drogo"
    }
},
{
    "model": "cmb.beepcdr",
    "pk": 105,
    "fields": {
        "calledNumber": 73211756,
        "callerNumber": 77070229,
        "callStartTime": "2017-03-08T22:52:35Z",
        "createdDate": "2018-03-21T11:49:25.204Z",
        "updatedDate": "2018-03-21T11:49:25.204Z",
        "createdBy": "Khal Drogo",
        "updatedBy": "Khal Drogo"
    }
},
{
    "model": "cmb.beepcdr",
    "pk": 106,
    "fields": {
        "calledNumber": 77187147,
        "callerNumber": 70831707,
        "callStartTime": "2017-02-05T21:26:50Z",
        "createdDate": "2018-03-21T11:49:25.205Z",
        "updatedDate": "2018-03-21T11:49:25.205Z",
        "createdBy": "Khal Drogo",
        "updatedBy": "Khal Drogo"
    }
},
{
    "model": "cmb.beepcdr",
    "pk": 107,
    "fields": {
        "calledNumber": 75613133,
        "callerNumber": 72540120,
        "callStartTime": "2017-02-14T06:24:00Z",
        "createdDate": "2018-03-21T11:49:25.206Z",
        "updatedDate": "2018-03-21T11:49:25.206Z",
        "createdBy": "Khal Drogo",
        "updatedBy": "Khal Drogo"
    }
},
{
    "model": "cmb.beepcdr",
    "pk": 108,
    "fields": {
        "calledNumber": 72067159,
        "callerNumber": 77534002,
        "callStartTime": "2017-02-24T01:30:05Z",
        "createdDate": "2018-03-21T11:49:25.207Z",
        "updatedDate": "2018-03-21T11:49:25.207Z",
        "createdBy": "Khal Drogo",
        "updatedBy": "Khal Drogo"
    }
},
{
    "model": "cmb.beepcdr",
    "pk": 109,
    "fields": {
        "calledNumber": 78282750,
        "callerNumber": 75011355,
        "callStartTime": "2017-03-23T05:04:31Z",
        "createdDate": "2018-03-21T11:49:25.208Z",
        "updatedDate": "2018-03-21T11:49:25.208Z",
        "createdBy": "Khal Drogo",
        "updatedBy": "Khal Drogo"
    }
},
{
    "model": "cmb.beepcdr",
    "pk": 110,
    "fields": {
        "calledNumber": 74692802,
        "callerNumber": 72256136,
        "callStartTime": "2017-03-17T11:37:45Z",
        "createdDate": "2018-03-21T11:49:25.209Z",
        "updatedDate": "2018-03-21T11:49:25.209Z",
        "createdBy": "Khal Drogo",
        "updatedBy": "Khal Drogo"
    }
},
{
    "model": "cmb.beepcdr",
    "pk": 111,
    "fields": {
        "calledNumber": 71180436,
        "callerNumber": 78189498,
        "callStartTime": "2017-02-11T07:10:58Z",
        "createdDate": "2018-03-21T11:49:25.209Z",
        "updatedDate": "2018-03-21T11:49:25.209Z",
        "createdBy": "Khal Drogo",
        "updatedBy": "Khal Drogo"
    }
},
{
    "model": "cmb.beepcdr",
    "pk": 112,
    "fields": {
        "calledNumber": 71497435,
        "callerNumber": 71200259,
        "callStartTime": "2017-03-21T14:44:49Z",
        "createdDate": "2018-03-21T11:49:25.210Z",
        "updatedDate": "2018-03-21T11:49:25.210Z",
        "createdBy": "Khal Drogo",
        "updatedBy": "Khal Drogo"
    }
},
{
    "model": "cmb.beepcdr",
    "pk": 113,
    "fields": {
        "calledNumber": 72848611,
        "callerNumber": 74343361,
        "callStartTime": "2017-02-20T21:02:42Z",
        "createdDate": "2018-03-21T11:49:25.211Z",
        "updatedDate": "2018-03-21T11:49:25.211Z",
        "createdBy": "Khal Drogo",
        "updatedBy": "Khal Drogo"
    }
},
{
    "model": "cmb.beepcdr",
    "pk": 114,
    "fields": {
        "calledNumber": 71553931,
        "callerNumber": 75885242,
        "callStartTime": "2017-02-12T13:21:30Z",
        "createdDate": "2018-03-21T11:49:25.212Z",
        "updatedDate": "2018-03-21T11:49:25.212Z",
        "createdBy": "Khal Drogo",
        "updatedBy": "Khal Drogo"
    }
},
{
    "model": "cmb.beepcdr",
    "pk": 115,
    "fields": {
        "calledNumber": 73971857,
        "callerNumber": 72786089,
        "callStartTime": "2017-02-14T08:09:26Z",
        "createdDate": "2018-03-21T11:49:25.213Z",
        "updatedDate": "2018-03-21T11:49:25.213Z",
        "createdBy": "Khal Drogo",
        "updatedBy": "Khal Drogo"
    }
},
{
    "model": "cmb.beepcdr",
    "pk": 116,
    "fields": {
        "calledNumber": 71418209,
        "callerNumber": 76407649,
        "callStartTime": "2017-03-15T16:59:00Z",
        "createdDate": "2018-03-21T11:49:25.213Z",
        "updatedDate": "2018-03-21T11:49:25.213Z",
        "createdBy": "Khal Drogo",
        "updatedBy": "Khal Drogo"
    }
},
{
    "model": "cmb.beepcdr",
    "pk": 117,
    "fields": {
        "calledNumber": 71187899,
        "callerNumber": 70651717,
        "callStartTime": "2017-03-19T14:42:59Z",
        "createdDate": "2018-03-21T11:49:25.214Z",
        "updatedDate": "2018-03-21T11:49:25.214Z",
        "createdBy": "Khal Drogo",
        "updatedBy": "Khal Drogo"
    }
},
{
    "model": "cmb.beepcdr",
    "pk": 118,
    "fields": {
        "calledNumber": 71701486,
        "callerNumber": 73909566,
        "callStartTime": "2017-02-15T09:14:11Z",
        "createdDate": "2018-03-21T11:49:25.215Z",
        "updatedDate": "2018-03-21T11:49:25.215Z",
        "createdBy": "Khal Drogo",
        "updatedBy": "Khal Drogo"
    }
},
{
    "model": "cmb.beepcdr",
    "pk": 119,
    "fields": {
        "calledNumber": 73355415,
        "callerNumber": 78273924,
        "callStartTime": "2017-02-02T06:09:52Z",
        "createdDate": "2018-03-21T11:49:25.216Z",
        "updatedDate": "2018-03-21T11:49:25.216Z",
        "createdBy": "Khal Drogo",
        "updatedBy": "Khal Drogo"
    }
},
{
    "model": "cmb.beepcdr",
    "pk": 120,
    "fields": {
        "calledNumber": 75521907,
        "callerNumber": 75676644,
        "callStartTime": "2017-03-16T22:33:51Z",
        "createdDate": "2018-03-21T11:49:25.217Z",
        "updatedDate": "2018-03-21T11:49:25.217Z",
        "createdBy": "Khal Drogo",
        "updatedBy": "Khal Drogo"
    }
},
{
    "model": "cmb.beepcdr",
    "pk": 121,
    "fields": {
        "calledNumber": 75414068,
        "callerNumber": 70576371,
        "callStartTime": "2017-03-11T01:30:38Z",
        "createdDate": "2018-03-21T11:49:25.218Z",
        "updatedDate": "2018-03-21T11:49:25.218Z",
        "createdBy": "Khal Drogo",
        "updatedBy": "Khal Drogo"
    }
},
{
    "model": "cmb.beepcdr",
    "pk": 122,
    "fields": {
        "calledNumber": 72274484,
        "callerNumber": 76751645,
        "callStartTime": "2017-02-12T21:03:42Z",
        "createdDate": "2018-03-21T11:49:25.219Z",
        "updatedDate": "2018-03-21T11:49:25.219Z",
        "createdBy": "Khal Drogo",
        "updatedBy": "Khal Drogo"
    }
},
{
    "model": "cmb.beepcdr",
    "pk": 123,
    "fields": {
        "calledNumber": 76997618,
        "callerNumber": 77834982,
        "callStartTime": "2017-02-14T12:27:45Z",
        "createdDate": "2018-03-21T11:49:25.220Z",
        "updatedDate": "2018-03-21T11:49:25.220Z",
        "createdBy": "Khal Drogo",
        "updatedBy": "Khal Drogo"
    }
},
{
    "model": "cmb.beepcdr",
    "pk": 124,
    "fields": {
        "calledNumber": 76199488,
        "callerNumber": 76172954,
        "callStartTime": "2017-03-31T07:31:53Z",
        "createdDate": "2018-03-21T11:49:25.221Z",
        "updatedDate": "2018-03-21T11:49:25.221Z",
        "createdBy": "Khal Drogo",
        "updatedBy": "Khal Drogo"
    }
},
{
    "model": "cmb.beepcdr",
    "pk": 125,
    "fields": {
        "calledNumber": 72586283,
        "callerNumber": 77598769,
        "callStartTime": "2017-03-16T23:03:59Z",
        "createdDate": "2018-03-21T11:49:25.222Z",
        "updatedDate": "2018-03-21T11:49:25.222Z",
        "createdBy": "Khal Drogo",
        "updatedBy": "Khal Drogo"
    }
},
{
    "model": "cmb.beepcdr",
    "pk": 126,
    "fields": {
        "calledNumber": 71735731,
        "callerNumber": 76841202,
        "callStartTime": "2017-02-27T09:04:59Z",
        "createdDate": "2018-03-21T11:49:25.223Z",
        "updatedDate": "2018-03-21T11:49:25.223Z",
        "createdBy": "Khal Drogo",
        "updatedBy": "Khal Drogo"
    }
},
{
    "model": "cmb.beepcdr",
    "pk": 127,
    "fields": {
        "calledNumber": 75297062,
        "callerNumber": 77048456,
        "callStartTime": "2017-03-10T13:42:06Z",
        "createdDate": "2018-03-21T11:49:25.224Z",
        "updatedDate": "2018-03-21T11:49:25.224Z",
        "createdBy": "Khal Drogo",
        "updatedBy": "Khal Drogo"
    }
},
{
    "model": "cmb.beepcdr",
    "pk": 128,
    "fields": {
        "calledNumber": 71287963,
        "callerNumber": 77642829,
        "callStartTime": "2017-03-05T12:33:31Z",
        "createdDate": "2018-03-21T11:49:25.225Z",
        "updatedDate": "2018-03-21T11:49:25.225Z",
        "createdBy": "Khal Drogo",
        "updatedBy": "Khal Drogo"
    }
},
{
    "model": "cmb.beepcdr",
    "pk": 129,
    "fields": {
        "calledNumber": 72116754,
        "callerNumber": 77572753,
        "callStartTime": "2017-03-04T04:24:54Z",
        "createdDate": "2018-03-21T11:49:25.226Z",
        "updatedDate": "2018-03-21T11:49:25.226Z",
        "createdBy": "Khal Drogo",
        "updatedBy": "Khal Drogo"
    }
},
{
    "model": "cmb.beepcdr",
    "pk": 130,
    "fields": {
        "calledNumber": 75535431,
        "callerNumber": 71058427,
        "callStartTime": "2017-02-08T20:21:27Z",
        "createdDate": "2018-03-21T11:49:25.227Z",
        "updatedDate": "2018-03-21T11:49:25.227Z",
        "createdBy": "Khal Drogo",
        "updatedBy": "Khal Drogo"
    }
},
{
    "model": "cmb.beepcdr",
    "pk": 131,
    "fields": {
        "calledNumber": 74255605,
        "callerNumber": 78187864,
        "callStartTime": "2017-03-12T10:06:32Z",
        "createdDate": "2018-03-21T11:49:25.228Z",
        "updatedDate": "2018-03-21T11:49:25.228Z",
        "createdBy": "Khal Drogo",
        "updatedBy": "Khal Drogo"
    }
},
{
    "model": "cmb.beepcdr",
    "pk": 132,
    "fields": {
        "calledNumber": 72616051,
        "callerNumber": 76596909,
        "callStartTime": "2017-03-20T05:41:21Z",
        "createdDate": "2018-03-21T11:49:25.229Z",
        "updatedDate": "2018-03-21T11:49:25.229Z",
        "createdBy": "Khal Drogo",
        "updatedBy": "Khal Drogo"
    }
},
{
    "model": "cmb.beepcdr",
    "pk": 133,
    "fields": {
        "calledNumber": 73949593,
        "callerNumber": 73671059,
        "callStartTime": "2017-03-10T12:33:56Z",
        "createdDate": "2018-03-21T11:49:25.230Z",
        "updatedDate": "2018-03-21T11:49:25.230Z",
        "createdBy": "Khal Drogo",
        "updatedBy": "Khal Drogo"
    }
},
{
    "model": "cmb.beepcdr",
    "pk": 134,
    "fields": {
        "calledNumber": 70457131,
        "callerNumber": 75673872,
        "callStartTime": "2017-02-05T09:48:06Z",
        "createdDate": "2018-03-21T11:49:25.231Z",
        "updatedDate": "2018-03-21T11:49:25.231Z",
        "createdBy": "Khal Drogo",
        "updatedBy": "Khal Drogo"
    }
},
{
    "model": "cmb.beepcdr",
    "pk": 135,
    "fields": {
        "calledNumber": 71307797,
        "callerNumber": 77588417,
        "callStartTime": "2017-02-24T15:21:30Z",
        "createdDate": "2018-03-21T11:49:25.232Z",
        "updatedDate": "2018-03-21T11:49:25.232Z",
        "createdBy": "Khal Drogo",
        "updatedBy": "Khal Drogo"
    }
},
{
    "model": "cmb.beepcdr",
    "pk": 136,
    "fields": {
        "calledNumber": 75828175,
        "callerNumber": 74638094,
        "callStartTime": "2017-03-03T11:33:52Z",
        "createdDate": "2018-03-21T11:49:25.233Z",
        "updatedDate": "2018-03-21T11:49:25.233Z",
        "createdBy": "Khal Drogo",
        "updatedBy": "Khal Drogo"
    }
},
{
    "model": "cmb.beepcdr",
    "pk": 137,
    "fields": {
        "calledNumber": 73493149,
        "callerNumber": 70636812,
        "callStartTime": "2017-02-01T05:17:36Z",
        "createdDate": "2018-03-21T11:49:25.234Z",
        "updatedDate": "2018-03-21T11:49:25.234Z",
        "createdBy": "Khal Drogo",
        "updatedBy": "Khal Drogo"
    }
},
{
    "model": "cmb.beepcdr",
    "pk": 138,
    "fields": {
        "calledNumber": 70293012,
        "callerNumber": 71371419,
        "callStartTime": "2017-02-21T05:40:32Z",
        "createdDate": "2018-03-21T11:49:25.235Z",
        "updatedDate": "2018-03-21T11:49:25.235Z",
        "createdBy": "Khal Drogo",
        "updatedBy": "Khal Drogo"
    }
},
{
    "model": "cmb.beepcdr",
    "pk": 139,
    "fields": {
        "calledNumber": 74859595,
        "callerNumber": 74949948,
        "callStartTime": "2017-02-10T12:30:36Z",
        "createdDate": "2018-03-21T11:49:25.235Z",
        "updatedDate": "2018-03-21T11:49:25.235Z",
        "createdBy": "Khal Drogo",
        "updatedBy": "Khal Drogo"
    }
},
{
    "model": "cmb.beepcdr",
    "pk": 140,
    "fields": {
        "calledNumber": 78610917,
        "callerNumber": 75977527,
        "callStartTime": "2017-03-27T09:01:46Z",
        "createdDate": "2018-03-21T11:49:25.236Z",
        "updatedDate": "2018-03-21T11:49:25.236Z",
        "createdBy": "Khal Drogo",
        "updatedBy": "Khal Drogo"
    }
},
{
    "model": "cmb.beepcdr",
    "pk": 141,
    "fields": {
        "calledNumber": 77026313,
        "callerNumber": 72998259,
        "callStartTime": "2017-03-29T07:10:05Z",
        "createdDate": "2018-03-21T11:49:25.237Z",
        "updatedDate": "2018-03-21T11:49:25.237Z",
        "createdBy": "Khal Drogo",
        "updatedBy": "Khal Drogo"
    }
},
{
    "model": "cmb.beepcdr",
    "pk": 142,
    "fields": {
        "calledNumber": 78314692,
        "callerNumber": 77011742,
        "callStartTime": "2017-03-25T18:28:32Z",
        "createdDate": "2018-03-21T11:49:25.238Z",
        "updatedDate": "2018-03-21T11:49:25.238Z",
        "createdBy": "Khal Drogo",
        "updatedBy": "Khal Drogo"
    }
},
{
    "model": "cmb.beepcdr",
    "pk": 143,
    "fields": {
        "calledNumber": 71640917,
        "callerNumber": 70716413,
        "callStartTime": "2017-03-30T03:46:14Z",
        "createdDate": "2018-03-21T11:49:25.239Z",
        "updatedDate": "2018-03-21T11:49:25.239Z",
        "createdBy": "Khal Drogo",
        "updatedBy": "Khal Drogo"
    }
},
{
    "model": "cmb.beepcdr",
    "pk": 144,
    "fields": {
        "calledNumber": 75243404,
        "callerNumber": 78145304,
        "callStartTime": "2017-02-02T02:52:34Z",
        "createdDate": "2018-03-21T11:49:25.240Z",
        "updatedDate": "2018-03-21T11:49:25.240Z",
        "createdBy": "Khal Drogo",
        "updatedBy": "Khal Drogo"
    }
},
{
    "model": "cmb.beepcdr",
    "pk": 145,
    "fields": {
        "calledNumber": 74568676,
        "callerNumber": 72940054,
        "callStartTime": "2017-03-21T13:40:35Z",
        "createdDate": "2018-03-21T11:49:25.241Z",
        "updatedDate": "2018-03-21T11:49:25.241Z",
        "createdBy": "Khal Drogo",
        "updatedBy": "Khal Drogo"
    }
},
{
    "model": "cmb.beepcdr",
    "pk": 146,
    "fields": {
        "calledNumber": 71177150,
        "callerNumber": 76765924,
        "callStartTime": "2017-01-31T14:36:17Z",
        "createdDate": "2018-03-21T11:49:25.241Z",
        "updatedDate": "2018-03-21T11:49:25.241Z",
        "createdBy": "Khal Drogo",
        "updatedBy": "Khal Drogo"
    }
},
{
    "model": "cmb.beepcdr",
    "pk": 147,
    "fields": {
        "calledNumber": 71226699,
        "callerNumber": 74396150,
        "callStartTime": "2017-02-24T18:22:24Z",
        "createdDate": "2018-03-21T11:49:25.242Z",
        "updatedDate": "2018-03-21T11:49:25.242Z",
        "createdBy": "Khal Drogo",
        "updatedBy": "Khal Drogo"
    }
},
{
    "model": "cmb.beepcdr",
    "pk": 148,
    "fields": {
        "calledNumber": 70759952,
        "callerNumber": 73072168,
        "callStartTime": "2017-03-12T06:04:39Z",
        "createdDate": "2018-03-21T11:49:25.243Z",
        "updatedDate": "2018-03-21T11:49:25.243Z",
        "createdBy": "Khal Drogo",
        "updatedBy": "Khal Drogo"
    }
},
{
    "model": "cmb.beepcdr",
    "pk": 149,
    "fields": {
        "calledNumber": 74045912,
        "callerNumber": 73456638,
        "callStartTime": "2017-02-26T04:33:21Z",
        "createdDate": "2018-03-21T11:49:25.244Z",
        "updatedDate": "2018-03-21T11:49:25.244Z",
        "createdBy": "Khal Drogo",
        "updatedBy": "Khal Drogo"
    }
},
{
    "model": "cmb.beepcdr",
    "pk": 150,
    "fields": {
        "calledNumber": 71363203,
        "callerNumber": 71577757,
        "callStartTime": "2017-02-14T16:32:49Z",
        "createdDate": "2018-03-21T11:49:25.245Z",
        "updatedDate": "2018-03-21T11:49:25.245Z",
        "createdBy": "Khal Drogo",
        "updatedBy": "Khal Drogo"
    }
},
{
    "model": "cmb.beepcdr",
    "pk": 151,
    "fields": {
        "calledNumber": 77625001,
        "callerNumber": 74592858,
        "callStartTime": "2017-02-21T03:43:45Z",
        "createdDate": "2018-03-21T11:49:25.246Z",
        "updatedDate": "2018-03-21T11:49:25.246Z",
        "createdBy": "Khal Drogo",
        "updatedBy": "Khal Drogo"
    }
},
{
    "model": "cmb.beepcdr",
    "pk": 152,
    "fields": {
        "calledNumber": 78501615,
        "callerNumber": 76283071,
        "callStartTime": "2017-02-01T19:47:23Z",
        "createdDate": "2018-03-21T11:49:25.246Z",
        "updatedDate": "2018-03-21T11:49:25.246Z",
        "createdBy": "Khal Drogo",
        "updatedBy": "Khal Drogo"
    }
},
{
    "model": "cmb.beepcdr",
    "pk": 153,
    "fields": {
        "calledNumber": 76945675,
        "callerNumber": 71569727,
        "callStartTime": "2017-02-09T02:11:14Z",
        "createdDate": "2018-03-21T11:49:25.247Z",
        "updatedDate": "2018-03-21T11:49:25.247Z",
        "createdBy": "Khal Drogo",
        "updatedBy": "Khal Drogo"
    }
},
{
    "model": "cmb.beepcdr",
    "pk": 154,
    "fields": {
        "calledNumber": 73726191,
        "callerNumber": 70466694,
        "callStartTime": "2017-02-28T18:37:10Z",
        "createdDate": "2018-03-21T11:49:25.248Z",
        "updatedDate": "2018-03-21T11:49:25.248Z",
        "createdBy": "Khal Drogo",
        "updatedBy": "Khal Drogo"
    }
},
{
    "model": "cmb.beepcdr",
    "pk": 155,
    "fields": {
        "calledNumber": 74987623,
        "callerNumber": 71825041,
        "callStartTime": "2017-03-13T00:04:14Z",
        "createdDate": "2018-03-21T11:49:25.249Z",
        "updatedDate": "2018-03-21T11:49:25.249Z",
        "createdBy": "Khal Drogo",
        "updatedBy": "Khal Drogo"
    }
},
{
    "model": "cmb.beepcdr",
    "pk": 156,
    "fields": {
        "calledNumber": 78364782,
        "callerNumber": 74930009,
        "callStartTime": "2017-02-26T18:05:24Z",
        "createdDate": "2018-03-21T11:49:25.250Z",
        "updatedDate": "2018-03-21T11:49:25.250Z",
        "createdBy": "Khal Drogo",
        "updatedBy": "Khal Drogo"
    }
},
{
    "model": "cmb.beepcdr",
    "pk": 157,
    "fields": {
        "calledNumber": 70309446,
        "callerNumber": 75178419,
        "callStartTime": "2017-03-05T16:45:55Z",
        "createdDate": "2018-03-21T11:49:25.251Z",
        "updatedDate": "2018-03-21T11:49:25.251Z",
        "createdBy": "Khal Drogo",
        "updatedBy": "Khal Drogo"
    }
},
{
    "model": "cmb.beepcdr",
    "pk": 158,
    "fields": {
        "calledNumber": 76633281,
        "callerNumber": 74251180,
        "callStartTime": "2017-03-08T13:58:53Z",
        "createdDate": "2018-03-21T11:49:25.251Z",
        "updatedDate": "2018-03-21T11:49:25.251Z",
        "createdBy": "Khal Drogo",
        "updatedBy": "Khal Drogo"
    }
},
{
    "model": "cmb.beepcdr",
    "pk": 159,
    "fields": {
        "calledNumber": 74879914,
        "callerNumber": 75981371,
        "callStartTime": "2017-03-18T06:27:44Z",
        "createdDate": "2018-03-21T11:49:25.252Z",
        "updatedDate": "2018-03-21T11:49:25.252Z",
        "createdBy": "Khal Drogo",
        "updatedBy": "Khal Drogo"
    }
},
{
    "model": "cmb.beepcdr",
    "pk": 160,
    "fields": {
        "calledNumber": 78188894,
        "callerNumber": 76858245,
        "callStartTime": "2017-02-13T00:37:11Z",
        "createdDate": "2018-03-21T11:49:25.253Z",
        "updatedDate": "2018-03-21T11:49:25.253Z",
        "createdBy": "Khal Drogo",
        "updatedBy": "Khal Drogo"
    }
},
{
    "model": "cmb.beepcdr",
    "pk": 161,
    "fields": {
        "calledNumber": 75037022,
        "callerNumber": 77970946,
        "callStartTime": "2017-02-17T17:15:29Z",
        "createdDate": "2018-03-21T11:49:25.254Z",
        "updatedDate": "2018-03-21T11:49:25.254Z",
        "createdBy": "Khal Drogo",
        "updatedBy": "Khal Drogo"
    }
},
{
    "model": "cmb.beepcdr",
    "pk": 162,
    "fields": {
        "calledNumber": 75242819,
        "callerNumber": 74378639,
        "callStartTime": "2017-02-11T15:57:37Z",
        "createdDate": "2018-03-21T11:49:25.255Z",
        "updatedDate": "2018-03-21T11:49:25.255Z",
        "createdBy": "Khal Drogo",
        "updatedBy": "Khal Drogo"
    }
},
{
    "model": "cmb.beepcdr",
    "pk": 163,
    "fields": {
        "calledNumber": 71204831,
        "callerNumber": 73975501,
        "callStartTime": "2017-03-02T08:26:09Z",
        "createdDate": "2018-03-21T11:49:25.256Z",
        "updatedDate": "2018-03-21T11:49:25.256Z",
        "createdBy": "Khal Drogo",
        "updatedBy": "Khal Drogo"
    }
},
{
    "model": "cmb.beepcdr",
    "pk": 164,
    "fields": {
        "calledNumber": 75119667,
        "callerNumber": 74362186,
        "callStartTime": "2017-03-03T00:10:52Z",
        "createdDate": "2018-03-21T11:49:25.257Z",
        "updatedDate": "2018-03-21T11:49:25.257Z",
        "createdBy": "Khal Drogo",
        "updatedBy": "Khal Drogo"
    }
},
{
    "model": "cmb.beepcdr",
    "pk": 165,
    "fields": {
        "calledNumber": 74294076,
        "callerNumber": 73765769,
        "callStartTime": "2017-02-18T18:44:42Z",
        "createdDate": "2018-03-21T11:49:25.258Z",
        "updatedDate": "2018-03-21T11:49:25.258Z",
        "createdBy": "Khal Drogo",
        "updatedBy": "Khal Drogo"
    }
},
{
    "model": "cmb.beepcdr",
    "pk": 166,
    "fields": {
        "calledNumber": 72583004,
        "callerNumber": 77476020,
        "callStartTime": "2017-02-17T17:29:32Z",
        "createdDate": "2018-03-21T11:49:25.260Z",
        "updatedDate": "2018-03-21T11:49:25.260Z",
        "createdBy": "Khal Drogo",
        "updatedBy": "Khal Drogo"
    }
},
{
    "model": "cmb.beepcdr",
    "pk": 167,
    "fields": {
        "calledNumber": 72055375,
        "callerNumber": 72658629,
        "callStartTime": "2017-02-10T01:52:44Z",
        "createdDate": "2018-03-21T11:49:25.261Z",
        "updatedDate": "2018-03-21T11:49:25.261Z",
        "createdBy": "Khal Drogo",
        "updatedBy": "Khal Drogo"
    }
},
{
    "model": "cmb.beepcdr",
    "pk": 168,
    "fields": {
        "calledNumber": 76820131,
        "callerNumber": 73717959,
        "callStartTime": "2017-03-10T10:41:45Z",
        "createdDate": "2018-03-21T11:49:25.262Z",
        "updatedDate": "2018-03-21T11:49:25.262Z",
        "createdBy": "Khal Drogo",
        "updatedBy": "Khal Drogo"
    }
},
{
    "model": "cmb.beepcdr",
    "pk": 169,
    "fields": {
        "calledNumber": 76762701,
        "callerNumber": 74742412,
        "callStartTime": "2017-02-26T14:38:21Z",
        "createdDate": "2018-03-21T11:49:25.263Z",
        "updatedDate": "2018-03-21T11:49:25.263Z",
        "createdBy": "Khal Drogo",
        "updatedBy": "Khal Drogo"
    }
},
{
    "model": "cmb.beepcdr",
    "pk": 170,
    "fields": {
        "calledNumber": 74165295,
        "callerNumber": 71062906,
        "callStartTime": "2017-02-07T18:30:49Z",
        "createdDate": "2018-03-21T11:49:25.264Z",
        "updatedDate": "2018-03-21T11:49:25.264Z",
        "createdBy": "Khal Drogo",
        "updatedBy": "Khal Drogo"
    }
},
{
    "model": "cmb.beepcdr",
    "pk": 171,
    "fields": {
        "calledNumber": 77871693,
        "callerNumber": 74483239,
        "callStartTime": "2017-02-20T01:18:16Z",
        "createdDate": "2018-03-21T11:49:25.265Z",
        "updatedDate": "2018-03-21T11:49:25.265Z",
        "createdBy": "Khal Drogo",
        "updatedBy": "Khal Drogo"
    }
},
{
    "model": "cmb.beepcdr",
    "pk": 172,
    "fields": {
        "calledNumber": 78332133,
        "callerNumber": 75233768,
        "callStartTime": "2017-02-12T12:05:41Z",
        "createdDate": "2018-03-21T11:49:25.266Z",
        "updatedDate": "2018-03-21T11:49:25.266Z",
        "createdBy": "Khal Drogo",
        "updatedBy": "Khal Drogo"
    }
},
{
    "model": "cmb.beepcdr",
    "pk": 173,
    "fields": {
        "calledNumber": 72448757,
        "callerNumber": 70505672,
        "callStartTime": "2017-03-04T14:00:39Z",
        "createdDate": "2018-03-21T11:49:25.273Z",
        "updatedDate": "2018-03-21T11:49:25.273Z",
        "createdBy": "Khal Drogo",
        "updatedBy": "Khal Drogo"
    }
},
{
    "model": "cmb.beepcdr",
    "pk": 174,
    "fields": {
        "calledNumber": 76482772,
        "callerNumber": 75596074,
        "callStartTime": "2017-02-18T10:45:54Z",
        "createdDate": "2018-03-21T11:49:25.280Z",
        "updatedDate": "2018-03-21T11:49:25.280Z",
        "createdBy": "Khal Drogo",
        "updatedBy": "Khal Drogo"
    }
},
{
    "model": "cmb.beepcdr",
    "pk": 175,
    "fields": {
        "calledNumber": 77366649,
        "callerNumber": 73135564,
        "callStartTime": "2017-03-29T16:30:59Z",
        "createdDate": "2018-03-21T11:49:25.287Z",
        "updatedDate": "2018-03-21T11:49:25.287Z",
        "createdBy": "Khal Drogo",
        "updatedBy": "Khal Drogo"
    }
},
{
    "model": "cmb.beepcdr",
    "pk": 176,
    "fields": {
        "calledNumber": 75152692,
        "callerNumber": 70890321,
        "callStartTime": "2017-02-10T01:20:37Z",
        "createdDate": "2018-03-21T11:49:25.294Z",
        "updatedDate": "2018-03-21T11:49:25.294Z",
        "createdBy": "Khal Drogo",
        "updatedBy": "Khal Drogo"
    }
},
{
    "model": "cmb.beepcdr",
    "pk": 177,
    "fields": {
        "calledNumber": 74169285,
        "callerNumber": 72175013,
        "callStartTime": "2017-02-17T21:10:42Z",
        "createdDate": "2018-03-21T11:49:25.301Z",
        "updatedDate": "2018-03-21T11:49:25.301Z",
        "createdBy": "Khal Drogo",
        "updatedBy": "Khal Drogo"
    }
},
{
    "model": "cmb.beepcdr",
    "pk": 178,
    "fields": {
        "calledNumber": 74170541,
        "callerNumber": 75040400,
        "callStartTime": "2017-02-11T02:42:16Z",
        "createdDate": "2018-03-21T11:49:25.309Z",
        "updatedDate": "2018-03-21T11:49:25.309Z",
        "createdBy": "Khal Drogo",
        "updatedBy": "Khal Drogo"
    }
},
{
    "model": "cmb.beepcdr",
    "pk": 179,
    "fields": {
        "calledNumber": 72757392,
        "callerNumber": 70936210,
        "callStartTime": "2017-02-07T21:13:02Z",
        "createdDate": "2018-03-21T11:49:25.316Z",
        "updatedDate": "2018-03-21T11:49:25.316Z",
        "createdBy": "Khal Drogo",
        "updatedBy": "Khal Drogo"
    }
},
{
    "model": "cmb.beepcdr",
    "pk": 180,
    "fields": {
        "calledNumber": 77115941,
        "callerNumber": 71951754,
        "callStartTime": "2017-02-27T10:40:52Z",
        "createdDate": "2018-03-21T11:49:25.324Z",
        "updatedDate": "2018-03-21T11:49:25.324Z",
        "createdBy": "Khal Drogo",
        "updatedBy": "Khal Drogo"
    }
},
{
    "model": "cmb.beepcdr",
    "pk": 181,
    "fields": {
        "calledNumber": 71075438,
        "callerNumber": 76703735,
        "callStartTime": "2017-03-06T15:50:19Z",
        "createdDate": "2018-03-21T11:49:25.331Z",
        "updatedDate": "2018-03-21T11:49:25.331Z",
        "createdBy": "Khal Drogo",
        "updatedBy": "Khal Drogo"
    }
},
{
    "model": "cmb.beepcdr",
    "pk": 182,
    "fields": {
        "calledNumber": 76513116,
        "callerNumber": 77426622,
        "callStartTime": "2017-02-16T09:10:06Z",
        "createdDate": "2018-03-21T11:49:25.333Z",
        "updatedDate": "2018-03-21T11:49:25.333Z",
        "createdBy": "Khal Drogo",
        "updatedBy": "Khal Drogo"
    }
},
{
    "model": "cmb.beepcdr",
    "pk": 183,
    "fields": {
        "calledNumber": 75152798,
        "callerNumber": 78284474,
        "callStartTime": "2017-03-07T23:02:13Z",
        "createdDate": "2018-03-21T11:49:25.334Z",
        "updatedDate": "2018-03-21T11:49:25.334Z",
        "createdBy": "Khal Drogo",
        "updatedBy": "Khal Drogo"
    }
},
{
    "model": "cmb.beepcdr",
    "pk": 184,
    "fields": {
        "calledNumber": 76790474,
        "callerNumber": 78143674,
        "callStartTime": "2017-02-01T16:53:14Z",
        "createdDate": "2018-03-21T11:49:25.335Z",
        "updatedDate": "2018-03-21T11:49:25.335Z",
        "createdBy": "Khal Drogo",
        "updatedBy": "Khal Drogo"
    }
},
{
    "model": "cmb.beepcdr",
    "pk": 185,
    "fields": {
        "calledNumber": 76811595,
        "callerNumber": 75097975,
        "callStartTime": "2017-03-17T10:43:58Z",
        "createdDate": "2018-03-21T11:49:25.336Z",
        "updatedDate": "2018-03-21T11:49:25.336Z",
        "createdBy": "Khal Drogo",
        "updatedBy": "Khal Drogo"
    }
},
{
    "model": "cmb.beepcdr",
    "pk": 186,
    "fields": {
        "calledNumber": 72955860,
        "callerNumber": 73765242,
        "callStartTime": "2017-03-27T23:12:26Z",
        "createdDate": "2018-03-21T11:49:25.337Z",
        "updatedDate": "2018-03-21T11:49:25.337Z",
        "createdBy": "Khal Drogo",
        "updatedBy": "Khal Drogo"
    }
},
{
    "model": "cmb.beepcdr",
    "pk": 187,
    "fields": {
        "calledNumber": 74861680,
        "callerNumber": 70522308,
        "callStartTime": "2017-02-02T09:15:04Z",
        "createdDate": "2018-03-21T11:49:25.338Z",
        "updatedDate": "2018-03-21T11:49:25.338Z",
        "createdBy": "Khal Drogo",
        "updatedBy": "Khal Drogo"
    }
},
{
    "model": "cmb.beepcdr",
    "pk": 188,
    "fields": {
        "calledNumber": 75178974,
        "callerNumber": 70382813,
        "callStartTime": "2017-03-20T13:28:16Z",
        "createdDate": "2018-03-21T11:49:25.339Z",
        "updatedDate": "2018-03-21T11:49:25.339Z",
        "createdBy": "Khal Drogo",
        "updatedBy": "Khal Drogo"
    }
},
{
    "model": "cmb.beepcdr",
    "pk": 189,
    "fields": {
        "calledNumber": 75677593,
        "callerNumber": 73723028,
        "callStartTime": "2017-02-27T04:26:18Z",
        "createdDate": "2018-03-21T11:49:25.340Z",
        "updatedDate": "2018-03-21T11:49:25.340Z",
        "createdBy": "Khal Drogo",
        "updatedBy": "Khal Drogo"
    }
},
{
    "model": "cmb.beepcdr",
    "pk": 190,
    "fields": {
        "calledNumber": 75281662,
        "callerNumber": 72779288,
        "callStartTime": "2017-02-27T18:11:05Z",
        "createdDate": "2018-03-21T11:49:25.341Z",
        "updatedDate": "2018-03-21T11:49:25.341Z",
        "createdBy": "Khal Drogo",
        "updatedBy": "Khal Drogo"
    }
},
{
    "model": "cmb.beepcdr",
    "pk": 191,
    "fields": {
        "calledNumber": 75259443,
        "callerNumber": 72929935,
        "callStartTime": "2017-03-10T13:45:53Z",
        "createdDate": "2018-03-21T11:49:25.342Z",
        "updatedDate": "2018-03-21T11:49:25.342Z",
        "createdBy": "Khal Drogo",
        "updatedBy": "Khal Drogo"
    }
},
{
    "model": "cmb.beepcdr",
    "pk": 192,
    "fields": {
        "calledNumber": 72154056,
        "callerNumber": 74343733,
        "callStartTime": "2017-01-31T17:25:00Z",
        "createdDate": "2018-03-21T11:49:25.344Z",
        "updatedDate": "2018-03-21T11:49:25.344Z",
        "createdBy": "Khal Drogo",
        "updatedBy": "Khal Drogo"
    }
},
{
    "model": "cmb.beepcdr",
    "pk": 193,
    "fields": {
        "calledNumber": 75598829,
        "callerNumber": 73388526,
        "callStartTime": "2017-03-15T05:52:23Z",
        "createdDate": "2018-03-21T11:49:25.346Z",
        "updatedDate": "2018-03-21T11:49:25.346Z",
        "createdBy": "Khal Drogo",
        "updatedBy": "Khal Drogo"
    }
},
{
    "model": "cmb.beepcdr",
    "pk": 194,
    "fields": {
        "calledNumber": 75747545,
        "callerNumber": 72610152,
        "callStartTime": "2017-02-22T19:54:16Z",
        "createdDate": "2018-03-21T11:49:25.347Z",
        "updatedDate": "2018-03-21T11:49:25.347Z",
        "createdBy": "Khal Drogo",
        "updatedBy": "Khal Drogo"
    }
},
{
    "model": "cmb.beepcdr",
    "pk": 195,
    "fields": {
        "calledNumber": 71237917,
        "callerNumber": 75840026,
        "callStartTime": "2017-02-05T11:53:09Z",
        "createdDate": "2018-03-21T11:49:25.348Z",
        "updatedDate": "2018-03-21T11:49:25.348Z",
        "createdBy": "Khal Drogo",
        "updatedBy": "Khal Drogo"
    }
},
{
    "model": "cmb.beepcdr",
    "pk": 196,
    "fields": {
        "calledNumber": 75285651,
        "callerNumber": 74444684,
        "callStartTime": "2017-03-26T21:39:52Z",
        "createdDate": "2018-03-21T11:49:25.349Z",
        "updatedDate": "2018-03-21T11:49:25.349Z",
        "createdBy": "Khal Drogo",
        "updatedBy": "Khal Drogo"
    }
},
{
    "model": "cmb.beepcdr",
    "pk": 197,
    "fields": {
        "calledNumber": 73526919,
        "callerNumber": 72526213,
        "callStartTime": "2017-03-23T20:20:59Z",
        "createdDate": "2018-03-21T11:49:25.350Z",
        "updatedDate": "2018-03-21T11:49:25.350Z",
        "createdBy": "Khal Drogo",
        "updatedBy": "Khal Drogo"
    }
},
{
    "model": "cmb.beepcdr",
    "pk": 198,
    "fields": {
        "calledNumber": 71772317,
        "callerNumber": 71286986,
        "callStartTime": "2017-03-04T17:26:17Z",
        "createdDate": "2018-03-21T11:49:25.351Z",
        "updatedDate": "2018-03-21T11:49:25.351Z",
        "createdBy": "Khal Drogo",
        "updatedBy": "Khal Drogo"
    }
},
{
    "model": "cmb.beepcdr",
    "pk": 199,
    "fields": {
        "calledNumber": 73128642,
        "callerNumber": 71737606,
        "callStartTime": "2017-03-06T14:43:04Z",
        "createdDate": "2018-03-21T11:49:25.352Z",
        "updatedDate": "2018-03-21T11:49:25.352Z",
        "createdBy": "Khal Drogo",
        "updatedBy": "Khal Drogo"
    }
},
{
    "model": "cmb.beepcdr",
    "pk": 200,
    "fields": {
        "calledNumber": 73735286,
        "callerNumber": 70106736,
        "callStartTime": "2017-02-22T17:39:49Z",
        "createdDate": "2018-03-21T11:49:25.353Z",
        "updatedDate": "2018-03-21T11:49:25.353Z",
        "createdBy": "Khal Drogo",
        "updatedBy": "Khal Drogo"
    }
},
{
    "model": "cmb.beepcdr",
    "pk": 201,
    "fields": {
        "calledNumber": 74864611,
        "callerNumber": 74684742,
        "callStartTime": "2017-02-06T08:24:37Z",
        "createdDate": "2018-03-21T11:49:25.354Z",
        "updatedDate": "2018-03-21T11:49:25.354Z",
        "createdBy": "Khal Drogo",
        "updatedBy": "Khal Drogo"
    }
},
{
    "model": "cmb.beepcdr",
    "pk": 202,
    "fields": {
        "calledNumber": 74183175,
        "callerNumber": 74720463,
        "callStartTime": "2017-03-11T07:26:53Z",
        "createdDate": "2018-03-21T11:49:25.355Z",
        "updatedDate": "2018-03-21T11:49:25.355Z",
        "createdBy": "Khal Drogo",
        "updatedBy": "Khal Drogo"
    }
},
{
    "model": "cmb.beepcdr",
    "pk": 203,
    "fields": {
        "calledNumber": 72695837,
        "callerNumber": 77761656,
        "callStartTime": "2017-03-01T18:17:15Z",
        "createdDate": "2018-03-21T11:49:25.356Z",
        "updatedDate": "2018-03-21T11:49:25.356Z",
        "createdBy": "Khal Drogo",
        "updatedBy": "Khal Drogo"
    }
},
{
    "model": "cmb.beepcdr",
    "pk": 204,
    "fields": {
        "calledNumber": 76747623,
        "callerNumber": 77908172,
        "callStartTime": "2017-03-20T03:46:02Z",
        "createdDate": "2018-03-21T11:49:25.357Z",
        "updatedDate": "2018-03-21T11:49:25.357Z",
        "createdBy": "Khal Drogo",
        "updatedBy": "Khal Drogo"
    }
},
{
    "model": "cmb.beepcdr",
    "pk": 205,
    "fields": {
        "calledNumber": 74704914,
        "callerNumber": 72576529,
        "callStartTime": "2017-03-16T09:53:28Z",
        "createdDate": "2018-03-21T11:49:25.358Z",
        "updatedDate": "2018-03-21T11:49:25.358Z",
        "createdBy": "Khal Drogo",
        "updatedBy": "Khal Drogo"
    }
},
{
    "model": "cmb.beepcdr",
    "pk": 206,
    "fields": {
        "calledNumber": 70767149,
        "callerNumber": 74411891,
        "callStartTime": "2017-03-03T15:21:58Z",
        "createdDate": "2018-03-21T11:49:25.358Z",
        "updatedDate": "2018-03-21T11:49:25.358Z",
        "createdBy": "Khal Drogo",
        "updatedBy": "Khal Drogo"
    }
},
{
    "model": "cmb.beepcdr",
    "pk": 207,
    "fields": {
        "calledNumber": 77142153,
        "callerNumber": 73660107,
        "callStartTime": "2017-03-14T08:02:57Z",
        "createdDate": "2018-03-21T11:49:25.359Z",
        "updatedDate": "2018-03-21T11:49:25.359Z",
        "createdBy": "Khal Drogo",
        "updatedBy": "Khal Drogo"
    }
},
{
    "model": "cmb.beepcdr",
    "pk": 208,
    "fields": {
        "calledNumber": 76573322,
        "callerNumber": 75423723,
        "callStartTime": "2017-03-06T02:12:47Z",
        "createdDate": "2018-03-21T11:49:25.360Z",
        "updatedDate": "2018-03-21T11:49:25.360Z",
        "createdBy": "Khal Drogo",
        "updatedBy": "Khal Drogo"
    }
},
{
    "model": "cmb.beepcdr",
    "pk": 209,
    "fields": {
        "calledNumber": 74188111,
        "callerNumber": 78422631,
        "callStartTime": "2017-03-12T05:49:56Z",
        "createdDate": "2018-03-21T11:49:25.361Z",
        "updatedDate": "2018-03-21T11:49:25.361Z",
        "createdBy": "Khal Drogo",
        "updatedBy": "Khal Drogo"
    }
},
{
    "model": "cmb.beepcdr",
    "pk": 210,
    "fields": {
        "calledNumber": 78367410,
        "callerNumber": 77388919,
        "callStartTime": "2017-02-01T13:49:24Z",
        "createdDate": "2018-03-21T11:49:25.362Z",
        "updatedDate": "2018-03-21T11:49:25.362Z",
        "createdBy": "Khal Drogo",
        "updatedBy": "Khal Drogo"
    }
},
{
    "model": "cmb.beepcdr",
    "pk": 211,
    "fields": {
        "calledNumber": 71039759,
        "callerNumber": 77274550,
        "callStartTime": "2017-02-13T19:26:26Z",
        "createdDate": "2018-03-21T11:49:25.363Z",
        "updatedDate": "2018-03-21T11:49:25.363Z",
        "createdBy": "Khal Drogo",
        "updatedBy": "Khal Drogo"
    }
},
{
    "model": "cmb.beepcdr",
    "pk": 212,
    "fields": {
        "calledNumber": 73100782,
        "callerNumber": 71004975,
        "callStartTime": "2017-02-23T02:07:58Z",
        "createdDate": "2018-03-21T11:49:25.364Z",
        "updatedDate": "2018-03-21T11:49:25.364Z",
        "createdBy": "Khal Drogo",
        "updatedBy": "Khal Drogo"
    }
},
{
    "model": "cmb.beepcdr",
    "pk": 213,
    "fields": {
        "calledNumber": 76146603,
        "callerNumber": 71157608,
        "callStartTime": "2017-03-31T11:47:09Z",
        "createdDate": "2018-03-21T11:49:25.365Z",
        "updatedDate": "2018-03-21T11:49:25.365Z",
        "createdBy": "Khal Drogo",
        "updatedBy": "Khal Drogo"
    }
},
{
    "model": "cmb.beepcdr",
    "pk": 214,
    "fields": {
        "calledNumber": 73917539,
        "callerNumber": 75067765,
        "callStartTime": "2017-02-03T04:45:58Z",
        "createdDate": "2018-03-21T11:49:25.366Z",
        "updatedDate": "2018-03-21T11:49:25.366Z",
        "createdBy": "Khal Drogo",
        "updatedBy": "Khal Drogo"
    }
},
{
    "model": "cmb.beepcdr",
    "pk": 215,
    "fields": {
        "calledNumber": 78487352,
        "callerNumber": 71137796,
        "callStartTime": "2017-03-31T10:55:42Z",
        "createdDate": "2018-03-21T11:49:25.367Z",
        "updatedDate": "2018-03-21T11:49:25.367Z",
        "createdBy": "Khal Drogo",
        "updatedBy": "Khal Drogo"
    }
},
{
    "model": "cmb.beepcdr",
    "pk": 216,
    "fields": {
        "calledNumber": 72030444,
        "callerNumber": 76711938,
        "callStartTime": "2017-03-07T13:57:25Z",
        "createdDate": "2018-03-21T11:49:25.368Z",
        "updatedDate": "2018-03-21T11:49:25.368Z",
        "createdBy": "Khal Drogo",
        "updatedBy": "Khal Drogo"
    }
},
{
    "model": "cmb.beepcdr",
    "pk": 217,
    "fields": {
        "calledNumber": 73023510,
        "callerNumber": 70811997,
        "callStartTime": "2017-03-13T08:26:29Z",
        "createdDate": "2018-03-21T11:49:25.369Z",
        "updatedDate": "2018-03-21T11:49:25.369Z",
        "createdBy": "Khal Drogo",
        "updatedBy": "Khal Drogo"
    }
},
{
    "model": "cmb.beepcdr",
    "pk": 218,
    "fields": {
        "calledNumber": 74717688,
        "callerNumber": 70158695,
        "callStartTime": "2017-02-23T09:30:27Z",
        "createdDate": "2018-03-21T11:49:25.370Z",
        "updatedDate": "2018-03-21T11:49:25.370Z",
        "createdBy": "Khal Drogo",
        "updatedBy": "Khal Drogo"
    }
},
{
    "model": "cmb.beepcdr",
    "pk": 219,
    "fields": {
        "calledNumber": 74608958,
        "callerNumber": 73326122,
        "callStartTime": "2017-03-20T04:56:58Z",
        "createdDate": "2018-03-21T11:49:25.371Z",
        "updatedDate": "2018-03-21T11:49:25.371Z",
        "createdBy": "Khal Drogo",
        "updatedBy": "Khal Drogo"
    }
},
{
    "model": "cmb.beepcdr",
    "pk": 220,
    "fields": {
        "calledNumber": 70684843,
        "callerNumber": 71150584,
        "callStartTime": "2017-02-01T07:18:06Z",
        "createdDate": "2018-03-21T11:49:25.372Z",
        "updatedDate": "2018-03-21T11:49:25.372Z",
        "createdBy": "Khal Drogo",
        "updatedBy": "Khal Drogo"
    }
},
{
    "model": "cmb.beepcdr",
    "pk": 221,
    "fields": {
        "calledNumber": 77093675,
        "callerNumber": 75725515,
        "callStartTime": "2017-03-25T05:08:30Z",
        "createdDate": "2018-03-21T11:49:25.373Z",
        "updatedDate": "2018-03-21T11:49:25.373Z",
        "createdBy": "Khal Drogo",
        "updatedBy": "Khal Drogo"
    }
},
{
    "model": "cmb.beepcdr",
    "pk": 222,
    "fields": {
        "calledNumber": 77727525,
        "callerNumber": 78008861,
        "callStartTime": "2017-03-11T08:31:03Z",
        "createdDate": "2018-03-21T11:49:25.374Z",
        "updatedDate": "2018-03-21T11:49:25.374Z",
        "createdBy": "Khal Drogo",
        "updatedBy": "Khal Drogo"
    }
},
{
    "model": "cmb.beepcdr",
    "pk": 223,
    "fields": {
        "calledNumber": 71406845,
        "callerNumber": 70376335,
        "callStartTime": "2017-03-20T03:41:58Z",
        "createdDate": "2018-03-21T11:49:25.375Z",
        "updatedDate": "2018-03-21T11:49:25.375Z",
        "createdBy": "Khal Drogo",
        "updatedBy": "Khal Drogo"
    }
},
{
    "model": "cmb.beepcdr",
    "pk": 224,
    "fields": {
        "calledNumber": 75467088,
        "callerNumber": 77873020,
        "callStartTime": "2017-02-16T20:21:11Z",
        "createdDate": "2018-03-21T11:49:25.376Z",
        "updatedDate": "2018-03-21T11:49:25.376Z",
        "createdBy": "Khal Drogo",
        "updatedBy": "Khal Drogo"
    }
},
{
    "model": "cmb.beepcdr",
    "pk": 225,
    "fields": {
        "calledNumber": 74401476,
        "callerNumber": 71859321,
        "callStartTime": "2017-03-27T16:47:59Z",
        "createdDate": "2018-03-21T11:49:25.377Z",
        "updatedDate": "2018-03-21T11:49:25.377Z",
        "createdBy": "Khal Drogo",
        "updatedBy": "Khal Drogo"
    }
},
{
    "model": "cmb.beepcdr",
    "pk": 226,
    "fields": {
        "calledNumber": 72530412,
        "callerNumber": 74421425,
        "callStartTime": "2017-03-06T02:28:50Z",
        "createdDate": "2018-03-21T11:49:25.378Z",
        "updatedDate": "2018-03-21T11:49:25.378Z",
        "createdBy": "Khal Drogo",
        "updatedBy": "Khal Drogo"
    }
},
{
    "model": "cmb.beepcdr",
    "pk": 227,
    "fields": {
        "calledNumber": 70460376,
        "callerNumber": 70357835,
        "callStartTime": "2017-02-27T00:55:13Z",
        "createdDate": "2018-03-21T11:49:25.380Z",
        "updatedDate": "2018-03-21T11:49:25.380Z",
        "createdBy": "Khal Drogo",
        "updatedBy": "Khal Drogo"
    }
},
{
    "model": "cmb.beepcdr",
    "pk": 228,
    "fields": {
        "calledNumber": 74841511,
        "callerNumber": 71923204,
        "callStartTime": "2017-02-03T05:56:52Z",
        "createdDate": "2018-03-21T11:49:25.381Z",
        "updatedDate": "2018-03-21T11:49:25.381Z",
        "createdBy": "Khal Drogo",
        "updatedBy": "Khal Drogo"
    }
},
{
    "model": "cmb.beepcdr",
    "pk": 229,
    "fields": {
        "calledNumber": 74242653,
        "callerNumber": 74169604,
        "callStartTime": "2017-02-27T05:30:17Z",
        "createdDate": "2018-03-21T11:49:25.382Z",
        "updatedDate": "2018-03-21T11:49:25.382Z",
        "createdBy": "Khal Drogo",
        "updatedBy": "Khal Drogo"
    }
},
{
    "model": "cmb.beepcdr",
    "pk": 230,
    "fields": {
        "calledNumber": 73083950,
        "callerNumber": 73530844,
        "callStartTime": "2017-02-22T14:34:36Z",
        "createdDate": "2018-03-21T11:49:25.383Z",
        "updatedDate": "2018-03-21T11:49:25.383Z",
        "createdBy": "Khal Drogo",
        "updatedBy": "Khal Drogo"
    }
},
{
    "model": "cmb.beepcdr",
    "pk": 231,
    "fields": {
        "calledNumber": 70309231,
        "callerNumber": 70728631,
        "callStartTime": "2017-02-03T20:17:09Z",
        "createdDate": "2018-03-21T11:49:25.384Z",
        "updatedDate": "2018-03-21T11:49:25.384Z",
        "createdBy": "Khal Drogo",
        "updatedBy": "Khal Drogo"
    }
},
{
    "model": "cmb.beepcdr",
    "pk": 232,
    "fields": {
        "calledNumber": 72821633,
        "callerNumber": 70176388,
        "callStartTime": "2017-03-03T06:31:20Z",
        "createdDate": "2018-03-21T11:49:25.385Z",
        "updatedDate": "2018-03-21T11:49:25.385Z",
        "createdBy": "Khal Drogo",
        "updatedBy": "Khal Drogo"
    }
},
{
    "model": "cmb.beepcdr",
    "pk": 233,
    "fields": {
        "calledNumber": 75869723,
        "callerNumber": 74397725,
        "callStartTime": "2017-03-04T04:00:31Z",
        "createdDate": "2018-03-21T11:49:25.386Z",
        "updatedDate": "2018-03-21T11:49:25.386Z",
        "createdBy": "Khal Drogo",
        "updatedBy": "Khal Drogo"
    }
},
{
    "model": "cmb.beepcdr",
    "pk": 234,
    "fields": {
        "calledNumber": 71565270,
        "callerNumber": 74709610,
        "callStartTime": "2017-02-11T11:16:23Z",
        "createdDate": "2018-03-21T11:49:25.386Z",
        "updatedDate": "2018-03-21T11:49:25.386Z",
        "createdBy": "Khal Drogo",
        "updatedBy": "Khal Drogo"
    }
},
{
    "model": "cmb.beepcdr",
    "pk": 235,
    "fields": {
        "calledNumber": 72550785,
        "callerNumber": 71307077,
        "callStartTime": "2017-02-20T20:53:56Z",
        "createdDate": "2018-03-21T11:49:25.387Z",
        "updatedDate": "2018-03-21T11:49:25.387Z",
        "createdBy": "Khal Drogo",
        "updatedBy": "Khal Drogo"
    }
},
{
    "model": "cmb.beepcdr",
    "pk": 236,
    "fields": {
        "calledNumber": 72157732,
        "callerNumber": 71921805,
        "callStartTime": "2017-03-07T22:47:35Z",
        "createdDate": "2018-03-21T11:49:25.389Z",
        "updatedDate": "2018-03-21T11:49:25.389Z",
        "createdBy": "Khal Drogo",
        "updatedBy": "Khal Drogo"
    }
},
{
    "model": "cmb.beepcdr",
    "pk": 237,
    "fields": {
        "calledNumber": 72363627,
        "callerNumber": 72169925,
        "callStartTime": "2017-03-06T13:51:54Z",
        "createdDate": "2018-03-21T11:49:25.390Z",
        "updatedDate": "2018-03-21T11:49:25.390Z",
        "createdBy": "Khal Drogo",
        "updatedBy": "Khal Drogo"
    }
},
{
    "model": "cmb.beepcdr",
    "pk": 238,
    "fields": {
        "calledNumber": 74935011,
        "callerNumber": 70951659,
        "callStartTime": "2017-02-05T01:51:24Z",
        "createdDate": "2018-03-21T11:49:25.391Z",
        "updatedDate": "2018-03-21T11:49:25.391Z",
        "createdBy": "Khal Drogo",
        "updatedBy": "Khal Drogo"
    }
},
{
    "model": "cmb.beepcdr",
    "pk": 239,
    "fields": {
        "calledNumber": 71006000,
        "callerNumber": 71006001,
        "callStartTime": "2017-02-04T11:55:44Z",
        "createdDate": "2018-03-21T11:49:25.392Z",
        "updatedDate": "2018-03-21T11:49:25.392Z",
        "createdBy": "Khal Drogo",
        "updatedBy": "Khal Drogo"
    }
},
{
    "model": "cmb.beepcdr",
    "pk": 240,
    "fields": {
        "calledNumber": 70400000,
        "callerNumber": 70400002,
        "callStartTime": "2017-02-04T12:57:22Z",
        "createdDate": "2018-03-21T11:49:25.394Z",
        "updatedDate": "2018-03-21T11:49:25.394Z",
        "createdBy": "Khal Drogo",
        "updatedBy": "Khal Drogo"
    }
},
{
    "model": "cmb.beepcdr",
    "pk": 241,
    "fields": {
        "calledNumber": 76550000,
        "callerNumber": 76550003,
        "callStartTime": "2017-02-03T07:47:25Z",
        "createdDate": "2018-03-21T11:49:25.395Z",
        "updatedDate": "2018-03-21T11:49:25.395Z",
        "createdBy": "Khal Drogo",
        "updatedBy": "Khal Drogo"
    }
},
{
    "model": "cmb.beepcdr",
    "pk": 242,
    "fields": {
        "calledNumber": 75818355,
        "callerNumber": 72998079,
        "callStartTime": "2017-03-19T22:09:02Z",
        "createdDate": "2018-03-21T11:49:25.396Z",
        "updatedDate": "2018-03-21T11:49:25.396Z",
        "createdBy": "Khal Drogo",
        "updatedBy": "Khal Drogo"
    }
},
{
    "model": "cmb.beepcdr",
    "pk": 243,
    "fields": {
        "calledNumber": 72551956,
        "callerNumber": 75366687,
        "callStartTime": "2017-02-25T17:24:50Z",
        "createdDate": "2018-03-21T11:49:25.397Z",
        "updatedDate": "2018-03-21T11:49:25.397Z",
        "createdBy": "Khal Drogo",
        "updatedBy": "Khal Drogo"
    }
},
{
    "model": "cmb.beepcdr",
    "pk": 244,
    "fields": {
        "calledNumber": 74687476,
        "callerNumber": 74127026,
        "callStartTime": "2017-03-16T22:54:46Z",
        "createdDate": "2018-03-21T11:49:25.398Z",
        "updatedDate": "2018-03-21T11:49:25.398Z",
        "createdBy": "Khal Drogo",
        "updatedBy": "Khal Drogo"
    }
},
{
    "model": "cmb.beepcdr",
    "pk": 245,
    "fields": {
        "calledNumber": 73369231,
        "callerNumber": 71605003,
        "callStartTime": "2017-02-04T11:16:15Z",
        "createdDate": "2018-03-21T11:49:25.399Z",
        "updatedDate": "2018-03-21T11:49:25.399Z",
        "createdBy": "Khal Drogo",
        "updatedBy": "Khal Drogo"
    }
},
{
    "model": "cmb.beepcdr",
    "pk": 246,
    "fields": {
        "calledNumber": 70205999,
        "callerNumber": 71006001,
        "callStartTime": "2017-02-28T08:22:19Z",
        "createdDate": "2018-03-21T11:49:25.400Z",
        "updatedDate": "2018-03-21T11:49:25.400Z",
        "createdBy": "Khal Drogo",
        "updatedBy": "Khal Drogo"
    }
},
{
    "model": "cmb.beepcdr",
    "pk": 247,
    "fields": {
        "calledNumber": 71787552,
        "callerNumber": 70400002,
        "callStartTime": "2017-03-09T01:38:15Z",
        "createdDate": "2018-03-21T11:49:25.401Z",
        "updatedDate": "2018-03-21T11:49:25.401Z",
        "createdBy": "Khal Drogo",
        "updatedBy": "Khal Drogo"
    }
},
{
    "model": "cmb.beepcdr",
    "pk": 248,
    "fields": {
        "calledNumber": 74005575,
        "callerNumber": 76550003,
        "callStartTime": "2017-02-04T20:38:50Z",
        "createdDate": "2018-03-21T11:49:25.402Z",
        "updatedDate": "2018-03-21T11:49:25.402Z",
        "createdBy": "Khal Drogo",
        "updatedBy": "Khal Drogo"
    }
}
]
